Date,logBTC,logSOL
2021-01-01,10.287870394647127,0.6108975666392974
2021-01-02,10.377460405795935,0.587383828566971
2021-01-03,10.397635578199328,0.7709189973499094
2021-01-04,10.372613110843512,0.9103116654105978
2021-01-05,10.433893122556716,0.7688189769756726
2021-01-06,10.513914950787596,0.6571142112339372
2021-01-07,10.580785875046123,0.864047528393723
2021-01-08,10.616378764925573,1.1693462714263678
2021-01-09,10.602978242305058,1.2194667322080195
2021-01-10,10.554677756348193,1.2430332002294566
2021-01-11,10.479163855744467,1.1340083651173003
2021-01-12,10.431847377885637,1.2846486246470148
2021-01-13,10.527187098621894,1.2566929572158683
2021-01-14,10.576108711400746,1.1872834820953568
2021-01-15,10.513942212428438,1.1787045128205753
2021-01-16,10.496210365284819,1.237520272725982
2021-01-17,10.48545949308548,1.3397631511023889
2021-01-18,10.508624881944709,1.3338201224354092
2021-01-19,10.493211359064516,1.2924961790643077
2021-01-20,10.478632142089177,1.3146850275974185
2021-01-21,10.336104011270818,1.0954526270246903
2021-01-22,10.40443742274612,1.2078340629783368
2021-01-23,10.37560278135185,1.2539371375272503
2021-01-24,10.382493628703594,1.2904470886646677
2021-01-25,10.384875897340384,1.3083276775281438
2021-01-26,10.391142280801068,1.3980623286270728
2021-01-27,10.32326793557666,1.3057855358493546
2021-01-28,10.418288195123829,1.3407926915624693
2021-01-29,10.443378265971647,1.3440849533623584
2021-01-30,10.442011708658745,1.440847900761314
2021-01-31,10.407722285269173,1.4502414442174492
2021-02-01,10.420409827337169,1.5285752650998043
2021-02-02,10.477577766216589,1.6615573911255612
2021-02-03,10.531351664018128,1.7432675222299179
2021-02-04,10.516672987314305,1.860362370836946
2021-02-05,10.549131840622739,1.899375406504509
2021-02-06,10.57811458190387,1.8100588335279784
2021-02-07,10.568837993720464,1.902176601346378
2021-02-08,10.740658555608588,2.064740285391178
2021-02-09,10.74680117499404,2.056274363654666
2021-02-10,10.712597971564412,2.205216349725689
2021-02-11,10.777065587622806,2.220870795319902
2021-02-12,10.768587122964881,2.224300487276234
2021-02-13,10.76014537771306,2.1670465735633138
2021-02-14,10.793789257619299,2.1677839082313595
2021-02-15,10.777811021690487,2.18174303865312
2021-02-16,10.803646282431236,2.1159984722867096
2021-02-17,10.861860434600757,2.106883675143138
2021-02-18,10.852822208011453,2.1950501687849457
2021-02-19,10.931107343448385,2.439355907227907
2021-02-20,10.934882526968764,2.302851418762762
2021-02-21,10.960234686679296,2.4056391311200334
2021-02-22,10.900571239424043,2.6710255256164297
2021-02-23,10.795985994923033,2.721396612597191
2021-02-24,10.813867490661154,2.8508630020961334
2021-02-25,10.759897731409103,2.6258283751414653
2021-02-26,10.743755655952215,2.6091827207142497
2021-02-27,10.740485113472225,2.5803053150942414
2021-02-28,10.717474636905465,2.5717910343301056
2021-03-01,10.812375797232603,2.7050850320475885
2021-03-02,10.786820872024112,2.6361188330668353
2021-03-03,10.830485599718013,2.647279934664711
2021-03-04,10.790579477518886,2.5724582763942707
2021-03-05,10.798090897695422,2.534525289346299
2021-03-06,10.797785870655844,2.5677498950191917
2021-03-07,10.843625494016525,2.6302855611049782
2021-03-08,10.863728630532028,2.61023067026755
2021-03-09,10.911885470785263,2.697751390983525
2021-03-10,10.933259650583292,2.6554285771515223
2021-03-11,10.96483265097359,2.7721060465665164
2021-03-12,10.956615778120474,2.6777382091209403
2021-03-13,11.022606239382187,2.7284279965963525
2021-03-14,10.990403646722898,2.6747185869105845
2021-03-15,10.931448438306075,2.6523022077004543
2021-03-16,10.947377909853685,2.611742890162384
2021-03-17,10.983102096934042,2.654663728046229
2021-03-18,10.96576294501743,2.6553541894327797
2021-03-19,10.974157264068008,2.6535796426159126
2021-03-20,10.973591384942633,2.654085328573163
2021-03-21,10.959947480802787,2.6625091568891714
2021-03-22,10.906490599758355,2.702655234647807
2021-03-23,10.910330715191298,2.6535821266998996
2021-03-24,10.87377895741364,2.6145668568154528
2021-03-25,10.853293524498085,2.566877148018583
2021-03-26,10.917581943817977,2.6932357302233054
2021-03-27,10.9326338527928,2.803864602982486
2021-03-28,10.932227048660097,2.8912732094784523
2021-03-29,10.963882078053414,2.936767990503674
2021-03-30,10.983896687973399,2.9566756399565013
2021-03-31,10.983916047420992,2.968629747467576
2021-04-01,10.98691528029968,2.9488975412896634
2021-04-02,10.991785371143768,2.986198098695391
2021-04-03,10.9613453899758,3.1158360192264865
2021-04-04,10.981192033108178,3.180605703460561
2021-04-05,10.986273240434391,3.1348106539741454
2021-04-06,10.97150934288477,3.2171601816303452
2021-04-07,10.933980472031605,3.276317249194013
2021-04-08,10.973768147735832,3.297094853860814
2021-04-09,10.972413597899717,3.324254223666904
2021-04-10,10.998647795996382,3.2899456192742464
2021-04-11,11.005510100383786,3.32976906429985
2021-04-12,11.000322481385641,3.350329369036869
2021-04-13,11.05884962483591,3.3118397123545966
2021-04-14,11.052629686686739,3.2762050844037196
2021-04-15,11.055861937803716,3.3256945663485444
2021-04-16,11.027975315929147,3.234645450931593
2021-04-17,11.013432389827742,3.2228628459842
2021-04-18,10.936959958729622,3.475157550622318
2021-04-19,10.928170979611826,3.455556003342301
2021-04-20,10.941518480170792,3.4585241437009944
2021-04-21,10.894998734628965,3.481641314986258
2021-04-22,10.854416850882158,3.6604738258229825
2021-04-23,10.841415548196952,3.6103345062138468
2021-04-24,10.820795111016842,3.7071445306608104
2021-04-25,10.799662387737875,3.8579390035876613
2021-04-26,10.89714209453983,3.783655780617415
2021-04-27,10.915690413688484,3.7667429172916163
2021-04-28,10.911896158314748,3.802787992586852
2021-04-29,10.888466484489614,3.748575192215778
2021-04-30,10.963881672210576,3.760176365834369
2021-05-01,10.965229244570889,3.9021347232785795
2021-05-02,10.944313196980664,3.847825490594441
2021-05-03,10.954314299186066,3.8271988155439685
2021-05-04,10.88432066296229,3.75489088305302
2021-05-05,10.958217749436766,3.804962742795895
2021-05-06,10.940162655879124,3.771741499850225
2021-05-07,10.95703975266056,3.7647986993613327
2021-05-08,10.98196137236335,3.8190637435212325
2021-05-09,10.972195744329321,3.791666078718168
2021-05-10,10.930600203169606,3.7590963610148664
2021-05-11,10.945610160513896,3.7972285491379023
2021-05-12,10.802643013740859,3.748499093996929
2021-05-13,10.814085941850951,3.713519683025952
2021-05-14,10.817386128610718,3.7546172165827003
2021-05-15,10.752787425415434,3.7718710601013217
2021-05-16,10.746262168325199,3.8544114465104493
2021-05-17,10.681378183838733,3.847232825022871
2021-05-18,10.666846249754105,4.023760445932161
2021-05-19,10.518739173402219,3.558405712081247
2021-05-20,10.61601418952618,3.800929381544601
2021-05-21,10.526874372689386,3.6587514018981873
2021-05-22,10.53307261012663,3.444115809941203
2021-05-23,10.456526964328297,3.2063475692230643
2021-05-24,10.56374940115494,3.4430930793419727
2021-05-25,10.555870618573916,3.4010999749814297
2021-05-26,10.578832184386684,3.570653696378492
2021-05-27,10.556775003315149,3.5140673579647332
2021-05-28,10.482838891813707,3.36864926275359
2021-05-29,10.452073200271554,3.309682094542251
2021-05-30,10.48229314435054,3.3534996934147667
2021-05-31,10.527629061583006,3.4909236986420846
2021-06-01,10.510121208009888,3.4335116078510466
2021-06-02,10.534098996712203,3.525074930995029
2021-06-03,10.576655613663572,3.675563825919321
2021-06-04,10.515815226396446,3.6220735532146264
2021-06-05,10.47875048382167,3.6784603540046867
2021-06-06,10.487444083671859,3.7449850880148823
2021-06-07,10.421111228036516,3.644465937486688
2021-06-08,10.418483452973058,3.7261226034702593
2021-06-09,10.527957555355197,3.738425913844118
2021-06-10,10.510602812362068,3.7159758770448703
2021-06-11,10.527670390778054,3.5847982685882838
2021-06-12,10.478766195737649,3.5957134087934475
2021-06-13,10.573822997032305,3.657657980230887
2021-06-14,10.602081784998626,3.6561768727906743
2021-06-15,10.606740238326154,3.7173125836173946
2021-06-16,10.55443320673001,3.6814422942719647
2021-06-17,10.546748445942342,3.670323125898864
2021-06-18,10.485346854550604,3.601380578721985
2021-06-19,10.48054663473331,3.5653955733730376
2021-06-20,10.482858260047102,3.5645063915220065
2021-06-21,10.363336464198424,3.2830667905363256
2021-06-22,10.389169511807816,3.287351197974007
2021-06-23,10.42593618696343,3.402825630438943
2021-06-24,10.453411886821074,3.43981002818984
2021-06-25,10.36210723284681,3.356857473052904
2021-06-26,10.379295471247733,3.3915797597628825
2021-06-27,10.453042745727043,3.46352696053723
2021-06-28,10.446809483271288,3.494316682982338
2021-06-29,10.487594604395428,3.5224352488966924
2021-06-30,10.464269401429576,3.5711202838725398
2021-07-01,10.4214511558287,3.5086766609808318
2021-07-02,10.43108317674214,3.5269627288318324
2021-07-03,10.453588124763485,3.5403451350585096
2021-07-04,10.471292042774403,3.535454352513337
2021-07-05,10.426617286512736,3.49604044095986
2021-07-06,10.441009496592198,3.5342451921849967
2021-07-07,10.429851669941897,3.599812410112642
2021-07-08,10.400539891403932,3.5026621504076187
2021-07-09,10.428157254851806,3.504495224597495
2021-07-10,10.419913053618211,3.4591091439621033
2021-07-11,10.441155306292087,3.4712780537490597
2021-07-12,10.408974379944256,3.429074748779129
2021-07-13,10.395192293518456,3.3714660575713924
2021-07-14,10.398864893354887,3.443010888865742
2021-07-15,10.366615424998043,3.348221998049597
2021-07-16,10.355248894139557,3.2722273215114437
2021-07-17,10.358792063356903,3.285474780978797
2021-07-18,10.367121266470079,3.28660584485039
2021-07-19,10.335848763481367,3.196531091287426
2021-07-20,10.302510207747156,3.156555869538355
2021-07-21,10.376944380104089,3.2817784824575615
2021-07-22,10.383228168986257,3.321507561282884
2021-07-23,10.421732111258162,3.350390978408122
2021-07-24,10.442680355614833,3.3569883922105777
2021-07-25,10.47305897541249,3.3382140470792083
2021-07-26,10.527754404104103,3.3430964955646734
2021-07-27,10.58169725759214,3.334534888827885
2021-07-28,10.596532384108594,3.325590205741274
2021-07-29,10.596845257809191,3.443015279032281
2021-07-30,10.65101748846181,3.477971485160517
2021-07-31,10.636484943086659,3.606239756561276
2021-08-01,10.596006899330945,3.533813861685181
2021-08-02,10.576481649866135,3.503224941350927
2021-08-03,10.549359158661003,3.526255839356003
2021-08-04,10.59030232329948,3.576931346133062
2021-08-05,10.618140680670727,3.6204704354911335
2021-08-06,10.664678821297143,3.674935237399801
2021-08-07,10.704497632755919,3.673853957099339
2021-08-08,10.687346108853829,3.6289655379288304
2021-08-09,10.744308820943898,3.657589595513792
2021-08-10,10.727334679551289,3.7047478133634204
2021-08-11,10.727523440123631,3.7315584574563623
2021-08-12,10.70163168657943,3.7159925841473664
2021-08-13,10.774641166298348,3.804315309127371
2021-08-14,10.759963422540375,3.7867511275181127
2021-08-15,10.75890246405395,3.9842536006108915
2021-08-16,10.736494157132784,4.1340854061033205
2021-08-17,10.707624958098197,4.162169997692174
2021-08-18,10.709989924748209,4.284183791383622
2021-08-19,10.751875778080558,4.287133457374206
2021-08-20,10.806473685064411,4.365955901994556
2021-08-21,10.797644983828944,4.300765199500391
2021-08-22,10.806118459226209,4.287769757754602
2021-08-23,10.81065980590949,4.326884341464891
2021-08-24,10.77281491157854,4.258033975717143
2021-08-25,10.798775033528969,4.275993234395463
2021-08-26,10.756672736076593,4.321695355810709
2021-08-27,10.800772166378861,4.478324766373101
2021-08-28,10.797581801940288,4.57164619174967
2021-08-29,10.79609671718188,4.548278864017869
2021-08-30,10.759072077234604,4.705420935907074
2021-08-31,10.761443149093335,4.686600597535052
2021-09-01,10.796448802881352,4.709827497302368
2021-09-02,10.806241527669524,4.852829838507528
2021-09-03,10.820285655675711,4.987592186514767
2021-09-04,10.818670170678978,4.935287038635926
2021-09-05,10.85424560569565,4.956326067407517
2021-09-06,10.871108746075873,5.102186419987779
2021-09-07,10.753876250778573,5.154152066851421
2021-09-08,10.738381457205582,5.252490143278034
2021-09-09,10.744869847739535,5.237482914369141
2021-09-10,10.71183466109507,5.192207872559286
2021-09-11,10.718884600505426,5.186647400020948
2021-09-12,10.737771155033665,5.162140352630734
2021-09-13,10.713596858981546,5.131492394097689
2021-09-14,10.759868865759456,5.063194967683559
2021-09-15,10.782623467073964,5.069642205704491
2021-09-16,10.774432727638025,5.0269944836027305
2021-09-17,10.763578647928748,4.994458914818736
2021-09-18,10.784738774082772,5.130988176630786
2021-09-19,10.763424179380207,5.027274053107541
2021-09-20,10.66531624101025,4.883820043891746
2021-09-21,10.613827973146925,4.819881434569401
2021-09-22,10.682227575143708,4.996700354722768
2021-09-23,10.712083884166931,5.008991080161329
2021-09-24,10.665221688877057,4.937316257821238
2021-09-25,10.662342736138648,4.913969642832765
2021-09-26,10.673793418183145,4.9104419340953145
2021-09-27,10.651021835353575,4.917996652417265
2021-09-28,10.622169502405834,4.879289824402518
2021-09-29,10.634998427220406,4.907874770996761
2021-09-30,10.68718118733857,4.949249458608791
2021-10-01,10.78138960626985,5.085633750417608
2021-10-02,10.772927492348709,5.130448963379183
2021-10-03,10.783113327527845,5.150913955728687
2021-10-04,10.801877056121272,5.1163872431438016
2021-10-05,10.849624666655957,5.1005724557703225
2021-10-06,10.921638768033269,5.037651983176699
2021-10-07,10.893139973699922,5.038776839849376
2021-10-08,10.89614373444409,5.06858467627921
2021-10-09,10.914510527354906,5.055135865909549
2021-10-10,10.91092669103803,4.99754131458835
2021-10-11,10.959275653745603,4.9757549120609275
2021-10-12,10.933839890239518,5.0287182840687805
2021-10-13,10.957818705056,4.998401030759846
2021-10-14,10.956431459354103,5.009012681171116
2021-10-15,11.028318917728683,5.091269867598277
2021-10-16,11.016860033096094,5.059671893671798
2021-10-17,11.027663898163635,5.0735713127350515
2021-10-18,11.035310190512925,5.057717826271542
2021-10-19,11.070723634173424,5.0499651603215705
2021-10-20,11.097301468715461,5.170182068192854
2021-10-21,11.038273800324731,5.248698646482913
2021-10-22,11.013571549242027,5.280313942163882
2021-10-23,11.025061154130603,5.286770241477752
2021-10-24,11.017494662785715,5.310058094934713
2021-10-25,11.05152193611972,5.347604044687539
2021-10-26,11.008144750018657,5.297353156729931
2021-10-27,10.976480906154974,5.213709991272815
2021-10-28,11.012415397742998,5.272301792896237
2021-10-29,11.038559773248153,5.2992307218950305
2021-10-30,11.033095022867663,5.2751309337811465
2021-10-31,11.023844324218304,5.310349788284518
2021-11-01,11.018701374153284,5.315887551453301
2021-11-02,11.054477251501758,5.3947160151454865
2021-11-03,11.050414445884607,5.4926449737885115
2021-11-04,11.026015411629999,5.51095703111532
2021-11-05,11.020687282442031,5.465839680761085
2021-11-06,11.027239190882979,5.5565744626420575
2021-11-07,11.056066872422763,5.520754613800747
2021-11-08,11.12087243338432,5.5153107577178035
2021-11-09,11.11202733420212,5.47735493179644
2021-11-10,11.082069168781675,5.454378473590159
2021-11-11,11.081372420674393,5.456349446161511
2021-11-12,11.069071983155679,5.431545358888042
2021-11-13,11.073947946863955,5.488214437645862
2021-11-14,11.089299031502025,5.474056984203635
2021-11-15,11.059706125655309,5.4703932995909845
2021-11-16,11.004783671403725,5.3901625909155255
2021-11-17,11.008214636325958,5.387770611942032
2021-11-18,10.94979088592265,5.275495986042868
2021-11-19,10.970257858968955,5.3719395716271485
2021-11-20,10.997040318586995,5.384565124774377
2021-11-21,10.980714062948142,5.443640440133455
2021-11-22,10.938259548470693,5.374061344075222
2021-11-23,10.960740796573905,5.401942421781893
2021-11-24,10.938102076609267,5.370273028065759
2021-11-25,10.955613914770048,5.329103525583144
2021-11-26,10.888740113748765,5.254949160616321
2021-11-27,10.911720583356187,5.263219362819863
2021-11-28,10.955155969634076,5.301694911221752
2021-11-29,10.9648576538523,5.3196842915309785
2021-11-30,10.950901731431225,5.340758801020398
2021-12-01,10.954830512166067,5.437206058674222
2021-12-02,10.941603210057325,5.455291379839483
2021-12-03,10.889271624391982,5.35292105535049
2021-12-04,10.803663193536819,5.303925770773083
2021-12-05,10.807074890009266,5.2789727535489535
2021-12-06,10.831363416860695,5.268884532934612
2021-12-07,10.833682884597561,5.250160771620233
2021-12-08,10.829823598376175,5.271057695400944
2021-12-09,10.772102042567699,5.199480444391663
2021-12-10,10.763066223146083,5.123695097926773
2021-12-11,10.806946463862808,5.147200790716349
2021-12-12,10.821743071700972,5.155783695549421
2021-12-13,10.752301701392797,5.044798743846689
2021-12-14,10.749626873772371,5.032667107607952
2021-12-15,10.797465651872352,5.183696269287943
2021-12-16,10.771961587673893,5.175893576252754
2021-12-17,10.740781494417853,5.167657822777654
2021-12-18,10.754680190074161,5.208584811149439
2021-12-19,10.751649659890026,5.193501441343438
2021-12-20,10.755352340269017,5.157167215879242
2021-12-21,10.798281133156484,5.193470855187721
2021-12-22,10.791965298749995,5.185132555168027
2021-12-23,10.835347238079581,5.247215190306612
2021-12-24,10.836088453747138,5.248460899216117
2021-12-25,10.828338726548145,5.263316551783256
2021-12-26,10.83583893147798,5.288270729788072
2021-12-27,10.832505310511287,5.275199723064412
2021-12-28,10.77035388399931,5.178551527660282
2021-12-29,10.746017872042968,5.139658988791367
2021-12-30,10.761685610756102,5.151852352265417
2021-12-31,10.743036437999235,5.137556140006271
2022-01-01,10.772410171147005,5.18468912465969
2022-01-02,10.765221116746984,5.172656877037342
2022-01-03,10.74630648005122,5.137548344779879
2022-01-04,10.73416754538736,5.123600245454096
2022-01-05,10.682101256932546,5.044068338687199
2022-01-06,10.672690959628957,5.013506838649731
2022-01-07,10.634842970978582,4.91561239602063
2022-01-08,10.639070019311179,4.959436439122519
2022-01-09,10.643317954517292,4.947617426075288
2022-01-10,10.64116014275109,4.912323513161007
2022-01-11,10.662793553388529,4.9429547978496
2022-01-12,10.690787460640442,5.021925385427246
2022-01-13,10.659411632688371,4.983675388406888
2022-01-14,10.671271297384193,4.984695255640984
2022-01-15,10.673072453006403,4.99586797856702
2022-01-16,10.671600240642002,4.99624235493979
2022-01-17,10.651372668942953,4.941113783846138
2022-01-18,10.654328778199565,4.95291570203022
2022-01-19,10.639318867756694,4.911127167280127
2022-01-20,10.61350212466109,4.845802191856489
2022-01-21,10.50389744174565,4.7181957612880625
2022-01-22,10.463967252906004,4.545190512054729
2022-01-23,10.498933826687185,4.600943507977388
2022-01-24,10.509286793793883,4.517978739075908
2022-01-25,10.517429280620835,4.550928889169868
2022-01-26,10.51466845617127,4.524372678194605
2022-01-27,10.522402294062056,4.495717888903642
2022-01-28,10.539649799152471,4.514292034235395
2022-01-29,10.54897115089168,4.566673484356843
2022-01-30,10.543170704434525,4.535795199573377
2022-01-31,10.557975112500918,4.60255515172249
2022-02-01,10.564712431003551,4.700289265880049
2022-02-02,10.517401691044428,4.6233793945451485
2022-02-03,10.52284290687642,4.619655148363647
2022-02-04,10.633469790333868,4.720053445725893
2022-02-05,10.632029966850133,4.73527084609539
2022-02-06,10.655196843367712,4.7475353363026
2022-02-07,10.68830842607725,4.765204792791288
2022-02-08,10.694633235042588,4.73264373324751
2022-02-09,10.699615348724585,4.736368422212245
2022-02-10,10.682011954943196,4.665350516796524
2022-02-11,10.655090828888024,4.568318234925594
2022-02-12,10.651228707055157,4.563495799756371
2022-02-13,10.650116626845614,4.535220812320466
2022-02-14,10.659302395160246,4.568851300936631
2022-02-15,10.704932999647486,4.652753014710966
2022-02-16,10.691077704597587,4.624314748523788
2022-02-17,10.609995373878483,4.537002937282355
2022-02-18,10.597408847454723,4.500536741561886
2022-02-19,10.599683985646616,4.51630236719404
2022-02-20,10.55662956390009,4.509775545219579
2022-02-21,10.520705752951736,4.420323379223625
2022-02-22,10.552840287293243,4.459744165490863
2022-02-23,10.526656652677822,4.441506910857514
2022-02-24,10.554056232629373,4.490822158085718
2022-02-25,10.576794683224678,4.528276436899326
2022-02-26,10.5740094108986,4.501381361415701
2022-02-27,10.537674892974174,4.448739165136745
2022-02-28,10.673439150277495,4.600362121701961
2022-03-01,10.69997253061002,4.591614286798188
2022-03-02,10.690218814674614,4.611645528780095
2022-03-03,10.6561243360222,4.559536632681836
2022-03-04,10.574839060456965,4.480128134538476
2022-03-05,10.581535966685598,4.4958891329152015
2022-03-06,10.55633302963324,4.437250615982989
2022-03-07,10.546972714362505,4.408304160357024
2022-03-08,10.564557452578466,4.409821269334402
2022-03-09,10.645018285592325,4.4796303699288265
2022-03-10,10.582471428791795,4.418106445763936
2022-03-11,10.566045946501148,4.3912959802090175
2022-03-12,10.568852653305816,4.401263142796791
2022-03-13,10.54137738333083,4.368638326195645
2022-03-14,10.588268682740365,4.396586866209093
2022-03-15,10.579966210842187,4.418299325840725
2022-03-16,10.624831678516387,4.4762410494410245
2022-03-17,10.620140761638593,4.475936360589784
2022-03-18,10.64067927961353,4.497830343233763
2022-03-19,10.649953967045542,4.526323408006388
2022-03-20,10.627353644159575,4.484299569671502
2022-03-21,10.62322788227211,4.485904576031273
2022-03-22,10.653931673582083,4.50549315503073
2022-03-23,10.666462919672714,4.554957192297097
2022-03-24,10.6910566456385,4.627163488939008
2022-03-25,10.699839362046166,4.591660377527177
2022-03-26,10.703263077531737,4.622658205708752
2022-03-27,10.75407625332412,4.673615635938695
2022-03-28,10.76062266608749,4.667818694714138
2022-03-29,10.76776326582668,4.715909019537041
2022-03-30,10.75923527059195,4.793303867769709
2022-03-31,10.726317261049367,4.809428210093202
2022-04-01,10.742500715059384,4.901050600412123
2022-04-02,10.733543679518714,4.88430736306814
2022-04-03,10.746208520761762,4.918339649669843
2022-04-04,10.749842306507894,4.88592301791103
2022-04-05,10.726697445901998,4.843101741960469
2022-04-06,10.673751740801423,4.726355292075438
2022-04-07,10.680604665032956,4.777412083421654
2022-04-08,10.652250692774018,4.698668547550832
2022-04-09,10.663875928063952,4.727147024937135
2022-04-10,10.650357281486635,4.716196573665829
2022-04-11,10.584610286931785,4.598539287076899
2022-04-12,10.599809278733545,4.6376992217927855
2022-04-13,10.625385696229037,4.653978878515448
2022-04-14,10.595021322874496,4.612223272580891
2022-04-15,10.610376502101625,4.6181829150496485
2022-04-16,10.60719092926192,4.627492348249028
2022-04-17,10.589533406379978,4.609258801061701
2022-04-18,10.617079674744364,4.626525834065766
2022-04-19,10.633514969083599,4.687505935707002
2022-04-20,10.630417101237388,4.6586825321136685
2022-04-21,10.609732661529069,4.622775678857708
2022-04-22,10.590121576277149,4.611272060801884
2022-04-23,10.58371995694957,4.612586995048756
2022-04-24,10.583278255366226,4.597498776500481
2022-04-25,10.608027305442322,4.6175693465799466
2022-04-26,10.548427748453774,4.56207634474134
2022-04-27,10.577480483448294,4.588826025944504
2022-04-28,10.59096439016982,4.586860888919871
2022-04-29,10.56126203650899,4.543415465515871
2022-04-30,10.537809857951071,4.443779231931886
2022-05-01,10.557610438151473,4.496153090840718
2022-05-02,10.55917499975729,4.47256426829981
2022-05-03,10.53875275791639,4.4525127856020585
2022-05-04,10.589065435449381,4.530132486305145
2022-05-05,10.507124070720305,4.437887262665551
2022-05-06,10.492410290612668,4.403838354529661
2022-05-07,10.477342991555728,4.369237973807119
2022-05-08,10.435857392768732,4.320419603533363
2022-05-09,10.31880242951058,4.1474058037746095
2022-05-10,10.342481121897062,4.201196236972728
2022-05-11,10.272854058210543,3.916231134061197
2022-05-12,10.276696373851054,3.79960631867479
2022-05-13,10.284765956844339,3.8834908397112247
2022-05-14,10.312322497195195,3.9592352564716293
2022-05-15,10.351536726804072,4.074333336968487
2022-05-16,10.304372787978142,3.982415511390203
2022-05-17,10.323048098950009,4.045252800757929
2022-05-18,10.265358475916056,3.90713528651035
2022-05-19,10.319375948426952,3.955350233252687
2022-05-20,10.28194933842735,3.902750334163553
2022-05-21,10.289845494583876,3.918362502684199
2022-05-22,10.319685611119661,3.965661973389969
2022-05-23,10.278456000782995,3.892979838509245
2022-05-24,10.297405782550063,3.9050655699322574
2022-05-25,10.294257254419904,3.870834812400761
2022-05-26,10.284223554875032,3.7725588702665167
2022-05-27,10.26212566585247,3.7131169907429746
2022-05-28,10.268647907006384,3.79195852633167
2022-05-29,10.290311897185344,3.8046519046310268
2022-05-30,10.364904125349263,3.8539582756770976
2022-05-31,10.36697973282627,3.8235816903265736
2022-06-01,10.302232802155435,3.695598544859334
2022-06-02,10.324415436066419,3.7109184508752278
2022-06-03,10.299050146356228,3.644384580199837
2022-06-04,10.303367561725132,3.6618023064613703
2022-06-05,10.305836547582219,3.650152492641421
2022-06-06,10.353628718711185,3.747929476231167
2022-06-07,10.346745384052316,3.6747189781253673
2022-06-08,10.316072437068884,3.659537368042287
2022-06-09,10.312678977523088,3.6881943859817286
2022-06-10,10.27793675828529,3.613341121761022
2022-06-11,10.252763560874987,3.5210853825793693
2022-06-12,10.194762479356166,3.4256711369399206
2022-06-13,10.020709927579496,3.339051084222522
2022-06-14,10.00815351063844,3.3916391362564395
2022-06-15,10.024502685722302,3.540609748216527
2022-06-16,9.922390284392199,3.40085539916123
2022-06-17,9.92678809527476,3.425659721298656
2022-06-18,9.853122384049872,3.4597158094309264
2022-06-19,9.930775403573943,3.533503999465576
2022-06-20,9.93302388410652,3.5671951569242064
2022-06-21,9.938400812314617,3.5868788044422524
2022-06-22,9.902838806989985,3.5299316533918885
2022-06-23,9.956358756642537,3.642186926622422
2022-06-24,9.963248566256299,3.7427056679025017
2022-06-25,9.975916947302924,3.7455625125876044
2022-06-26,9.953576630935627,3.6739710917837405
2022-06-27,9.93960145009083,3.649391256764654
2022-06-28,9.91742175729541,3.564631661040619
2022-06-29,9.908675245035521,3.522644846708993
2022-06-30,9.89266553327924,3.5141812769770704
2022-07-01,9.866271921611277,3.4905221106550273
2022-07-02,9.864863965754903,3.5073398714667507
2022-07-03,9.867708869731416,3.508134641276541
2022-07-04,9.914984296914424,3.605090978855961
2022-07-05,9.912948418788119,3.566586207416521
2022-07-06,9.930530868046002,3.612904117807041
2022-07-07,9.982187261434621,3.651133627816742
2022-07-08,9.986500484147044,3.6451031069728477
2022-07-09,9.9800877429832,3.6394780649765686
2022-07-10,9.945610263258173,3.6027116016507277
2022-07-11,9.902014299863406,3.510458285666991
2022-07-12,9.869098678474385,3.4891348454921136
2022-07-13,9.914035438419207,3.552800197379649
2022-07-14,9.931585089682448,3.6138277942404153
2022-07-15,9.944453286725341,3.622096493090182
2022-07-16,9.961299583017311,3.678175454733831
2022-07-17,9.941714683307564,3.6544102064551534
2022-07-18,10.020634361537693,3.778403805516757
2022-07-19,10.060039643541112,3.8044350250532624
2022-07-20,10.053274399904742,3.7398973705081864
2022-07-21,10.050381778134694,3.7656227335667665
2022-07-22,10.030779832369811,3.704223715753222
2022-07-23,10.019735121772623,3.6899033666871843
2022-07-24,10.026110592562882,3.7137326432619453
2022-07-25,9.969354932780849,3.603103622228722
2022-07-26,9.963629888954006,3.5888064106301196
2022-07-27,10.040225310503368,3.6965462361885657
2022-07-28,10.079283141395383,3.7575952130306858
2022-07-29,10.077635496703943,3.7359299664048904
2022-07-30,10.071380813237761,3.7786262298584123
2022-07-31,10.057790927178154,3.7471531665856634
2022-08-01,10.056817862469863,3.7325729323275216
2022-08-02,10.04229761538725,3.6827231719730156
2022-08-03,10.036553553679708,3.651811299252828
2022-08-04,10.027074028111187,3.659210481161488
2022-08-05,10.055749927199347,3.7028077865127282
2022-08-06,10.041564567386294,3.6903036104201927
2022-08-07,10.050867820116338,3.7039057620610385
2022-08-08,10.077839365460918,3.741722140949012
2022-08-09,10.050368371964542,3.698151917732449
2022-08-10,10.083625167018424,3.746343028957923
2022-08-11,10.084037929085792,3.7570470568766208
2022-08-12,10.102453911142689,3.814074039776812
2022-08-13,10.103324333271548,3.8391371607403912
2022-08-14,10.099026950194217,3.8048067412916122
2022-08-15,10.091500079009762,3.7801638849542636
2022-08-16,10.080934372735626,3.7648864719619386
2022-08-17,10.057752427851762,3.698905358440353
2022-08-18,10.052456470820983,3.677445101999061
2022-08-19,9.946429828919296,3.5804659157510312
2022-08-20,9.960154260221959,3.563025186208485
2022-08-21,9.977393983734515,3.598221417325465
2022-08-22,9.971095181162891,3.5688107596988115
2022-08-23,9.977113775017555,3.5736439990734743
2022-08-24,9.970913441739025,3.5541449454573573
2022-08-25,9.980490458391982,3.5643492424796417
2022-08-26,9.916404741832318,3.457147951319861
2022-08-27,9.905572292018391,3.4513337118841187
2022-08-28,9.884142357711136,3.4141888361048123
2022-08-29,9.91827734934112,3.4801717557620733
2022-08-30,9.893276021557552,3.447191767289924
2022-08-31,9.905972645726346,3.4491286279794693
2022-09-01,9.909824463089882,3.4527037931905227
2022-09-02,9.901974983398722,3.4413128888860522
2022-09-03,9.895056505463224,3.43751271542861
2022-09-04,9.902822976285494,3.4690727194899584
2022-09-05,9.894061824289322,3.4718002506239287
2022-09-06,9.84361375961696,3.4304889218590096
2022-09-07,9.867358913366097,3.4877089190073454
2022-09-08,9.869404983669634,3.5147833669843807
2022-09-09,9.970265081337525,3.5478850010674963
2022-09-10,9.984170319750923,3.5589623238205936
2022-09-11,9.988253971713968,3.55437505845542
2022-09-12,10.015496135585632,3.622317096850128
2022-09-13,9.918213936662209,3.509478128802212
2022-09-14,9.915469967986835,3.5290501926803572
2022-09-15,9.888435381745573,3.4979514796002373
2022-09-16,9.892051609919006,3.47224152309978
2022-09-17,9.909846102634743,3.519003474778408
2022-09-18,9.874033296587243,3.4359161334676602
2022-09-19,9.880430208610155,3.486925519202463
2022-09-20,9.846429731063068,3.4478595886977144
2022-09-21,9.828084917547844,3.4283707477643772
2022-09-22,9.873726595096974,3.478433231618118
2022-09-23,9.867738018800262,3.5168042954949787
2022-09-24,9.848873578090933,3.5104299004037283
2022-09-25,9.841723720053846,3.476161414075682
2022-09-26,9.863845688211141,3.5228412273601846
2022-09-27,9.857995654040971,3.488906922369817
2022-09-28,9.874404753198162,3.5036167554154285
2022-09-29,9.881908938953254,3.524961010417097
2022-09-30,9.874665615461502,3.502924634168302
2022-10-01,9.868486898954952,3.4802979436200077
2022-10-02,9.854513011018675,3.467474964591534
2022-10-03,9.88448718732602,3.4955258934125517
2022-10-04,9.920189483028798,3.529956136640233
2022-10-05,9.911491276953772,3.528531198076627
2022-10-06,9.901257235195176,3.5068424332518093
2022-10-07,9.880569407127702,3.496551949685854
2022-10-08,9.873882019710539,3.4836351961648444
2022-10-09,9.87541856769968,3.493894550805363
2022-10-10,9.859613215552592,3.464824072585622
2022-10-11,9.854896811839888,3.4267633954970136
2022-10-12,9.86044670821436,3.439311244728977
2022-10-13,9.872146734736656,3.41918527261533
2022-10-14,9.861918208507285,3.4014446070605384
2022-10-15,9.855747661831694,3.3869411731220804
2022-10-16,9.866205833318512,3.4068096171762736
2022-10-17,9.880769327449979,3.4412150977590867
2022-10-18,9.869642000100649,3.406660148085274
2022-10-19,9.859511378204708,3.3638692347920274
2022-10-20,9.855018699045578,3.335239056964906
2022-10-21,9.861230609698971,3.3360783155218425
2022-10-22,9.863092001093024,3.3326994808664008
2022-10-23,9.881600152047197,3.376565527406114
2022-10-24,9.870218848791929,3.3432173709614217
2022-10-25,9.908268974391792,3.4320490609986978
2022-10-26,9.94128616875074,3.4431298433698085
2022-10-27,9.917678184429118,3.4220003179960523
2022-10-28,9.932820677008536,3.4692068494373673
2022-10-29,9.9435961676618,3.492168712055494
2022-10-30,9.934773188942176,3.4954746323825234
2022-10-31,9.927973970089276,3.48465082639986
2022-11-01,9.927461538073482,3.473469190266457
2022-11-02,9.911431114057626,3.4271274851798674
2022-11-03,9.913932230548413,3.4289383416812713
2022-11-04,9.959264228796085,3.519894170725654
2022-11-05,9.965649411315797,3.6045670406188957
2022-11-06,9.948770924047743,3.4868728816680723
2022-11-07,9.933183064182517,3.3878198015900183
2022-11-08,9.827754417371056,3.1844059849373245
2022-11-09,9.672864869200907,2.6348238764411076
2022-11-10,9.774902278212192,2.872513688001936
2022-11-11,9.74298382461089,2.792804621170273
2022-11-12,9.72908568486351,2.676834794702
2022-11-13,9.70218897987881,2.5775260039858443
2022-11-14,9.71825371228341,2.639154190986754
2022-11-15,9.734158029462925,2.660350045532258
2022-11-16,9.721332349092188,2.6592456077362705
2022-11-17,9.722416268512838,2.6129138927983844
2022-11-18,9.723030896358539,2.5838085991038966
2022-11-19,9.723855189118218,2.553422729415292
2022-11-20,9.698419158823798,2.5057572054619617
2022-11-21,9.666960096236725,2.4720078646884347
2022-11-22,9.692134811317116,2.5205653434864868
2022-11-23,9.717802768302853,2.6638552993913414
2022-11-24,9.717426904670596,2.6798119434126377
2022-11-25,9.712438529775493,2.6435570484016218
2022-11-26,9.70894854065387,2.6503641652199756
2022-11-27,9.707754073849289,2.6472923659531293
2022-11-28,9.693835225608318,2.5955918238162483
2022-11-29,9.707775689718664,2.5929934814485507
2022-11-30,9.750835456302609,2.6472695976604688
2022-12-01,9.73903338770724,2.601278948255173
2022-12-02,9.746170373753046,2.618536792498858
2022-12-03,9.735556138885249,2.587948815857591
2022-12-04,9.748614981348615,2.6187247890451144
2022-12-05,9.73948671213146,2.6269206096579585
2022-12-06,9.74621974738228,2.6594798347054094
2022-12-07,9.731994769549843,2.604144428297336
2022-12-08,9.754608969630882,2.6166088324140815
2022-12-09,9.748770599124994,2.6086119510147823
2022-12-10,9.748512134919679,2.608376878925336
2022-12-11,9.74707893812229,2.5973279082749783
2022-12-12,9.753038866034595,2.5891573789468376
2022-12-13,9.785903654765324,2.6271283385882405
2022-12-14,9.787832585407495,2.6490448463308494
2022-12-15,9.762204204386471,2.6405926559612656
2022-12-16,9.72001439540497,2.5068806378157316
2022-12-17,9.728841967757862,2.5260809076956754
2022-12-18,9.726629636586503,2.518753999504466
2022-12-19,9.70745318469165,2.4792787875774964
2022-12-20,9.735441889774123,2.5080138369140412
2022-12-21,9.730177380353945,2.495598076009032
2022-12-22,9.730938595765025,2.467661246336288
2022-12-23,9.728952787336203,2.4669264870375933
2022-12-24,9.731972743490926,2.437489679757366
2022-12-25,9.731630233816956,2.432551670389595
2022-12-26,9.736240089801628,2.4253876042979976
2022-12-27,9.72419184293325,2.405631646579159
2022-12-28,9.714296792632998,2.2778728559778707
2022-12-29,9.719705437458519,2.267142664035303
2022-12-30,9.717313741579758,2.290530380445217
2022-12-31,9.7139900759302,2.298681342212099
2023-01-01,9.718667682241778,2.3008007986876575
2023-01-02,9.722473382926482,2.4224075887426655
2023-01-03,9.721957128026984,2.5910702658022453
2023-01-04,9.73289128198902,2.5978716494147727
2023-01-05,9.731318464270581,2.596696178228044
2023-01-06,9.738139256506134,2.6046020566557413
2023-01-07,9.738322662334438,2.57202182619053
2023-01-08,9.746315744683459,2.661652478394583
2023-01-09,9.752464333870766,2.791316233294167
2023-01-10,9.766882467741652,2.7848089957377873
2023-01-11,9.794503618239384,2.794803575909551
2023-01-12,9.84530679872957,2.8105492276154016
2023-01-13,9.89895601153324,2.906269413353892
2023-01-14,9.951148452094081,3.1883942795252733
2023-01-15,9.946585299316718,3.1299705657717274
2023-01-16,9.960323019268994,3.1602955920426017
2023-01-17,9.95993969488966,3.130440760911369
2023-01-18,9.93734686373636,3.037384337289813
2023-01-19,9.956402197839259,3.064640862110981
2023-01-20,10.029086750450306,3.240569650141178
2023-01-21,10.033533973444758,3.203877434620577
2023-01-22,10.031019183214326,3.187706674435114
2023-01-23,10.040394625412896,3.1928524207037756
2023-01-24,10.02731754621199,3.1265707534950056
2023-01-25,10.048360730913313,3.2015850152905503
2023-01-26,10.044673582319469,3.192560455432411
2023-01-27,10.046666628793634,3.1949051253266836
2023-01-28,10.04460031448054,3.1772952921761917
2023-01-29,10.076371649865585,3.263175432468589
2023-01-30,10.036274735199633,3.1758147207213914
2023-01-31,10.049287023739147,3.1760746678207536
2023-02-01,10.07423275832915,3.218610134057945
2023-02-02,10.063558008451782,3.189037394453532
2023-02-03,10.06259687220411,3.2060295338322247
2023-02-04,10.057574558461246,3.1912063393434034
2023-02-05,10.04132007022997,3.1567211787912597
2023-02-06,10.032764693808685,3.122646315444342
2023-02-07,10.054674889523618,3.1722602773846647
2023-02-08,10.040611167039613,3.1438363159226514
2023-02-09,9.990538219118495,3.018086909188606
2023-02-10,9.98281540139359,3.0022166935358494
2023-02-11,9.992911122015416,3.036398829968979
2023-02-12,9.98912396125247,3.0675867236964263
2023-02-13,9.990036811046709,3.0344769165604113
2023-02-14,10.008784277096845,3.083053951859604
2023-02-15,10.098554284960041,3.173204658598773
2023-02-16,10.069996183478477,3.1039565075007194
2023-02-17,10.109102432904576,3.1427183883676624
2023-02-18,10.11217825655339,3.156089023781137
2023-02-19,10.099368537458952,3.2124855161867423
2023-02-20,10.119773582203267,3.265048736451758
2023-02-21,10.103827200665544,3.2168160572976268
2023-02-22,10.09364680378454,3.1855816252958857
2023-02-23,10.083618887022523,3.173911960675692
2023-02-24,10.051826819616078,3.137797462986907
2023-02-25,10.050845571532914,3.1145547400605698
2023-02-26,10.067357117366784,3.1465669582629587
2023-02-27,10.06572846487509,3.122038386869282
2023-02-28,10.049635733999986,3.0872346473117185
2023-03-01,10.070972538939149,3.1138011163453947
2023-03-02,10.063711188729668,3.0903548779433736
2023-03-03,10.015148762999896,3.063360689203684
2023-03-04,10.014731459477776,3.0429420866104486
2023-03-05,10.018400414153101,3.0435021216422804
2023-03-06,10.018143829974909,3.0269892288924702
2023-03-07,10.008737691008866,3.0078946067723935
2023-03-08,9.985900375947734,2.913501853728179
2023-03-09,9.921475862619202,2.851177340376968
2023-03-10,9.912806205736088,2.903816680002168
2023-03-11,9.9346184269802,2.902840555538048
2023-03-12,10.006222338825529,3.011139550346282
2023-03-13,10.094005973194013,3.0171860861879134
2023-03-14,10.11642213799152,3.0410895917077014
2023-03-15,10.101352718165902,2.959637696164191
2023-03-16,10.128740440135552,2.982167848119722
2023-03-17,10.21917125749034,3.0740397553739887
2023-03-18,10.202327601575393,3.0538078550070202
2023-03-19,10.241340113972356,3.086641982221086
2023-03-20,10.231612055295281,3.0990315499535006
2023-03-21,10.246219314752592,3.1187578567596645
2023-03-22,10.214914379966567,3.067144891178915
2023-03-23,10.251816810888009,3.1008477602627913
2023-03-24,10.221697077702453,3.029111723931651
2023-03-25,10.221748793538719,3.01781884638009
2023-03-26,10.23975727144219,3.0433560043853314
2023-03-27,10.208759831386159,2.9918083213330595
2023-03-28,10.213473931480072,3.0189944686069685
2023-03-29,10.252327330792763,3.0498163696979472
2023-03-30,10.24115773205143,3.0229118579651697
2023-03-31,10.256904146939885,3.0526085136365415
2023-04-01,10.254532910518483,3.043361824024705
2023-04-02,10.247052738673508,3.0222269619468207
2023-04-03,10.232439464523113,3.0176429902342554
2023-04-04,10.24594505039775,3.040926440567952
2023-04-05,10.246296256102458,3.0429024230015136
2023-04-06,10.241534998755878,3.0257826249998923
2023-04-07,10.237308397859582,3.0189574776145505
2023-04-08,10.238093581799241,2.9975530864862097
2023-04-09,10.251784274328148,3.010594539860455
2023-04-10,10.297317921085538,3.0389046227220144
2023-04-11,10.31675741064987,3.13631246534805
2023-04-12,10.313577042833737,3.1774413839297866
2023-04-13,10.322167176602019,3.1959063628786026
2023-04-14,10.325012974564036,3.2097431383210164
2023-04-15,10.319513237396514,3.181355794860123
2023-04-16,10.319409644274128,3.2332491137669597
2023-04-17,10.290280920997308,3.2010720956602383
2023-04-18,10.322117381995124,3.2129659858418225
2023-04-19,10.26891784536645,3.122930196932615
2023-04-20,10.24870671874717,3.099255919101113
2023-04-21,10.213795841475457,3.057680033739369
2023-04-22,10.233420598031856,3.0826568465188955
2023-04-23,10.225258856804476,3.067128730452499
2023-04-24,10.222862308244906,3.0629735177413093
2023-04-25,10.25088551601886,3.0877303253651873
2023-04-26,10.25494344188744,3.0579092141416924
2023-04-27,10.291256574749735,3.1063839231491994
2023-04-28,10.286715971859982,3.151294266928694
2023-04-29,10.283583168632099,3.1434191112585497
2023-04-30,10.284277608121096,3.1281636775817985
2023-05-01,10.24322475191008,3.0904346914712537
2023-05-02,10.263974022201202,3.103014969036545
2023-05-03,10.27526862302623,3.1009028755494765
2023-05-04,10.269785925200855,3.0787098358808644
2023-05-05,10.293310448836207,3.127905092978891
2023-05-06,10.27175682832706,3.089871870199872
2023-05-07,10.256078416007067,3.08393675596676
2023-05-08,10.228980935694478,3.0280766620437634
2023-05-09,10.227698330580832,3.02934330337225
2023-05-10,10.226358996969278,3.0423157455314778
2023-05-11,10.203621369096474,3.007407870101218
2023-05-12,10.19634335194055,3.0403133377094993
2023-05-13,10.195562890138293,3.0382533548143686
2023-05-14,10.201019901524239,3.0423008170294445
2023-05-15,10.210703589703963,3.044864702810572
2023-05-16,10.204948646397272,3.0291390256107795
2023-05-17,10.218254595595742,3.047774260494075
2023-05-18,10.19735827265725,3.013016819171559
2023-05-19,10.19951454308742,3.013074557163877
2023-05-20,10.208380143372853,3.009903691338497
2023-05-21,10.194432776558315,2.976010978018043
2023-05-22,10.198068672129459,2.9725683286102966
2023-05-23,10.211917634772885,2.9978890646593555
2023-05-24,10.178647234584988,2.9561419852802997
2023-05-25,10.184001760790126,2.9580647816284387
2023-05-26,10.193141093452184,2.96356835153968
2023-05-27,10.198704423797032,3.016771089441479
2023-05-28,10.243013923550633,3.0348846315984757
2023-05-29,10.2308428114433,3.024635992566131
2023-05-30,10.229272512021266,3.056549047892552
2023-05-31,10.211694719298,3.0361303195782026
2023-06-01,10.196902137306813,3.02053308743478
2023-06-02,10.21279374837261,3.0567142462074024
2023-06-03,10.20637083293819,3.051903003826441
2023-06-04,10.20799231691349,3.0827800246099613
2023-06-05,10.156581971214598,2.999478243178167
2023-06-06,10.212397089776934,3.0154605488884454
2023-06-07,10.179071665656124,2.92500305973586
2023-06-08,10.18521003171983,2.9396631364651418
2023-06-09,10.18415917158209,2.8553028416115254
2023-06-10,10.160113856904617,2.7508606957605735
2023-06-11,10.163547933128962,2.7446248461051477
2023-06-12,10.162094768125908,2.721078807386771
2023-06-13,10.162721095081881,2.709262349149446
2023-06-14,10.131605741049261,2.6732221697301752
2023-06-15,10.149425116459378,2.6918851035606064
2023-06-16,10.178367889724749,2.7283921758618686
2023-06-17,10.185302790517955,2.7505042249542155
2023-06-18,10.178700187079642,2.736847242915345
2023-06-19,10.198059434281383,2.7771434534286574
2023-06-20,10.251587929566524,2.8115227968441876
2023-06-21,10.309862142773344,2.8482205091195287
2023-06-22,10.30602441919365,2.8119668801295954
2023-06-23,10.331870324961804,2.8419710143780597
2023-06-24,10.32707725705931,2.8125821265036106
2023-06-25,10.324834596336881,2.8315284096903244
2023-06-26,10.317949760398704,2.789324590599223
2023-06-27,10.331632323813947,2.8105857234463882
2023-06-28,10.31182340590091,2.7717660782816864
2023-06-29,10.32368860343864,2.888729136032722
2023-06-30,10.324735846717806,2.9390202030847727
2023-07-01,10.328430991080884,2.9276623371284813
2023-07-02,10.329433800550028,2.968031845165424
2023-07-03,10.346776226867988,2.9570193888924874
2023-07-04,10.334541847817544,2.9519490515744673
2023-07-05,10.325946314296251,2.944063361723917
2023-07-06,10.305926014656304,2.982109167799504
2023-07-07,10.320296924636603,3.067339420968134
2023-07-08,10.318656790090897,3.084625004991155
2023-07-09,10.314644245303557,3.0610051224514585
2023-07-10,10.322673784108723,3.059353624981013
2023-07-11,10.329439732474308,3.095257813267286
2023-07-12,10.32192306293534,3.0900238440703798
2023-07-13,10.356982180934805,3.2590843500045867
2023-07-14,10.320026728165043,3.2860004157469596
2023-07-15,10.318764587221185,3.3102274714453293
2023-07-16,10.317222795692699,3.309961924674579
2023-07-17,10.313803830398586,3.291113375822178
2023-07-18,10.304159943903676,3.2404221923633925
2023-07-19,10.306079330853958,3.2723162114065403
2023-07-20,10.301995704546313,3.23377105198755
2023-07-21,10.305906162799479,3.240412933529326
2023-07-22,10.301317007580348,3.200102840037731
2023-07-23,10.31176666636374,3.2095046597622616
2023-07-24,10.281133128198881,3.151944713951355
2023-07-25,10.282861583679122,3.147565484574985
2023-07-26,10.287217237012586,3.225933002370092
2023-07-27,10.282289998428292,3.2228414164715655
2023-07-28,10.285999442632827,3.2127312685246703
2023-07-29,10.287283503401898,3.2256120424334562
2023-07-30,10.28449972961446,3.1888708957525917
2023-07-31,10.282954666792017,3.1663589106839614
2023-08-01,10.298084900618106,3.178001853746941
2023-08-02,10.280277393101196,3.1418099442522314
2023-08-03,10.28119357388037,3.119543735927046
2023-08-04,10.277602740334075,3.1264806352077894
2023-08-05,10.276502708444154,3.1193738502093327
2023-08-06,10.276493360449624,3.143535521628517
2023-08-07,10.281258634252001,3.138479152375519
2023-08-08,10.301105021231054,3.1868386052226425
2023-08-09,10.294227919813993,3.193702691038493
2023-08-10,10.289755970824665,3.2032768863000687
2023-08-11,10.288672223902859,3.202049490637918
2023-08-12,10.289292827839994,3.2151380742476574
2023-08-13,10.28475948711555,3.188123196591352
2023-08-14,10.289037101190267,3.2245724588192344
2023-08-15,10.280907981071513,3.173735581135836
2023-08-16,10.26471439623281,3.1272856383825265
2023-08-17,10.191090276136746,3.0777717995938025
2023-08-18,10.167756027482936,3.060372028056443
2023-08-19,10.169545183433726,3.0855290029605715
2023-08-20,10.173117052853833,3.0806833175521464
2023-08-21,10.170615093989227,3.0543907087514794
2023-08-22,10.167068624469975,3.0226926160216183
2023-08-23,10.182317080019136,3.077479284631299
2023-08-24,10.17207751425801,3.0460941288088588
2023-08-25,10.16768352182107,3.0151779385584194
2023-08-26,10.166177259834624,3.0096560916227477
2023-08-27,10.169295624875618,3.034320023519397
2023-08-28,10.169926212700739,3.0232063944546534
2023-08-29,10.23017610527159,3.0810271777762672
2023-08-30,10.214541815900267,3.0366296436514046
2023-08-31,10.163212670450678,2.98239837913613
2023-09-01,10.158157856150005,2.961546782592968
2023-09-02,10.160792843028482,2.970093588272773
2023-09-03,10.164680608570169,2.9744446307462535
2023-09-04,10.158610896066135,2.970384143157357
2023-09-05,10.157353594641705,3.0092595975283487
2023-09-06,10.156315580840111,2.976550955128083
2023-09-07,10.175047686342062,2.990242186316258
2023-09-08,10.162216536481553,2.9754808303450546
2023-09-09,10.161831350918474,2.9676450766448936
2023-09-10,10.159378083013618,2.904101011964574
2023-09-11,10.133116201946136,2.8757749780185837
2023-09-12,10.159421329899054,2.8864656242379585
2023-09-13,10.17459518285774,2.912513688169883
2023-09-14,10.186396017988711,2.9358923726979893
2023-09-15,10.18899325939803,2.9532862643178364
2023-09-16,10.18747334904391,2.9517996865325546
2023-09-17,10.186189274857261,2.9355378391638443
2023-09-18,10.194449786247013,2.978446005005147
2023-09-19,10.211380888909446,2.9975400448309246
2023-09-20,10.208469410010053,3.010864076310597
2023-09-21,10.187448942293356,2.9693405898613814
2023-09-22,10.187898092834212,2.967237356403608
2023-09-23,10.187891405932195,2.9690752952302595
2023-09-24,10.17568127885688,2.963946953475092
2023-09-25,10.177266439643097,2.965486469710101
2023-09-26,10.174172870047572,2.945663850781566
2023-09-27,10.179326652900361,2.9512589360364525
2023-09-28,10.204389859135322,2.993610865259273
2023-09-29,10.200317184565023,3.0106531695162917
2023-09-30,10.202403142685709,3.0631641357346915
2023-10-01,10.23937926354209,3.171217466254218
2023-10-02,10.223060117753576,3.1515259010118686
2023-10-03,10.219391800687632,3.15924022243966
2023-10-04,10.232769519990114,3.1417695644480284
2023-10-05,10.218878857734271,3.1221068025397245
2023-10-06,10.238050741522427,3.1537805081237216
2023-10-07,10.238846306742609,3.1479082342152136
2023-10-08,10.237638878059547,3.1461513838130837
2023-10-09,10.22497949033162,3.0964096947793394
2023-10-10,10.217970484319029,3.0958090699924856
2023-10-11,10.198889263476758,3.091379650418344
2023-10-12,10.19454388182958,3.0587196629280364
2023-10-13,10.198481887612811,3.08351038883008
2023-10-14,10.198457020971082,3.0915749819943144
2023-10-15,10.209487781286953,3.08749195724957
2023-10-16,10.258342178591718,3.1773434881132037
2023-10-17,10.254698779158943,3.1763573154554656
2023-10-18,10.251618059409257,3.1541085177954984
2023-10-19,10.265342290570729,3.21638952124332
2023-10-20,10.298328059553281,3.2970832829820913
2023-10-21,10.30622935946936,3.3805261483245945
2023-10-22,10.308749189424594,3.3685599316699393
2023-10-23,10.406872594953755,3.4610682943618647
2023-10-24,10.43121534674153,3.406235898375705
2023-10-25,10.448796347866656,3.4801030154528876
2023-10-26,10.438712529432724,3.4896810904616324
2023-10-27,10.431459360176152,3.4575682131638374
2023-10-28,10.436746875137551,3.4548429900183444
2023-10-29,10.44982935735569,3.491117575121523
2023-10-30,10.448783101579169,3.5542714105057347
2023-10-31,10.453566040380862,3.651165021721464
2023-11-01,10.475518916001551,3.724766347917299
2023-11-02,10.461337272963412,3.6940552645260114
2023-11-03,10.455426066008267,3.676800803322683
2023-11-04,10.46544902470195,3.745888034494305
2023-11-05,10.464512503384956,3.719374751798216
2023-11-06,10.464170516372448,3.7407265988135983
2023-11-07,10.475696921676048,3.7633500019999055
2023-11-08,10.481652446969523,3.7656063937876842
2023-11-09,10.510344686793989,3.8164990195047617
2023-11-10,10.527123032844324,4.036783459676644
2023-11-11,10.522397350525916,4.027183246926127
2023-11-12,10.520145607933834,4.028099670697718
2023-11-13,10.505132070878805,3.9494546400271817
2023-11-14,10.47834771303901,4.040211715409166
2023-11-15,10.542193912315287,4.182575209959178
2023-11-16,10.495564156124622,4.058223354802577
2023-11-17,10.507712903091303,4.06758872104314
2023-11-18,10.507412818075638,4.069244266137273
2023-11-19,10.529066209467143,4.117304919261951
2023-11-20,10.531481543922137,4.034839265135059
2023-11-21,10.486088922000189,3.951252815125841
2023-11-22,10.530290311468026,4.053323905557007
2023-11-23,10.526470312052592,4.03599783760411
2023-11-24,10.537953192976223,4.0407053572725316
2023-11-25,10.539979535911824,4.074932170968755
2023-11-26,10.531539286070732,4.054263615893084
2023-11-27,10.525519109326812,4.008507422304008
2023-11-28,10.540886422938044,4.063788619298798
2023-11-29,10.541610597966539,4.081767969037436
2023-11-30,10.537753408968067,4.081624384784042
2023-12-01,10.563304139082696,4.091072498853234
2023-12-02,10.583456582221416,4.156268089731357
2023-12-03,10.596094352741906,4.143768915461475
2023-12-04,10.644950919628469,4.119469847745993
2023-12-05,10.6937761541882,4.110789124274874
2023-12-06,10.6861656384848,4.1255679639488605
2023-12-07,10.675738478447814,4.217119997897621
2023-12-08,10.695724161682614,4.317520563367882
2023-12-09,10.685697812497887,4.280237601815626
2023-12-10,10.686925500764309,4.313558895470392
2023-12-11,10.627256854067472,4.253726851018871
2023-12-12,10.632248532231763,4.227427436613783
2023-12-13,10.666411281802802,4.259403870570961
2023-12-14,10.669512742962004,4.32572517309679
2023-12-15,10.64375106415242,4.281777865598142
2023-12-16,10.651125692701578,4.29692483935561
2023-12-17,10.630182270293107,4.2626871840403675
2023-12-18,10.660161939804896,4.308745479027567
2023-12-19,10.651845369086281,4.2903192803939145
2023-12-20,10.684010106331032,4.409048614788838
2023-12-21,10.68896667197108,4.5417490416545645
2023-12-22,10.691897237758274,4.585005157827572
2023-12-23,10.686007845359297,4.678367027812983
2023-12-24,10.669330142762817,4.722821783970464
2023-12-25,10.68311377440979,4.797000239133269
2023-12-26,10.657739294869959,4.72452296605583
2023-12-27,10.679201686074299,4.673051203021633
2023-12-28,10.660263202811265,4.625997469335553
2023-12-29,10.647788823459257,4.666373612576303
2023-12-30,10.64915370669594,4.62345288568169
2023-12-31,10.651719035647995,4.620116148837548
2024-01-01,10.69574070048532,4.696003836076529
2024-01-02,10.713483304498926,4.669188771796555
2024-01-03,10.66541835092017,4.591014836543174
2024-01-04,10.696025708638457,4.654698530365186
2024-01-05,10.695635625793305,4.604958066324337
2024-01-06,10.691699321665794,4.541780012408461
2024-01-07,10.690650840865018,4.491736551326441
2024-01-08,10.757275107220892,4.582826856728569
2024-01-09,10.739429690114454,4.5992445371267054
2024-01-10,10.749951722866403,4.625296486578097
2024-01-11,10.74437748171888,4.604264166545543
2024-01-12,10.665534852885886,4.518750369831689
2024-01-13,10.6652831442217,4.561532242206859
2024-01-14,10.640562368866341,4.544710169115646
2024-01-15,10.657540932912761,4.548496408469986
2024-01-16,10.672552297418568,4.5811532236194745
2024-01-17,10.662952584592706,4.625596134986894
2024-01-18,10.627698678588326,4.545960944837314
2024-01-19,10.6362978063264,4.536743255400593
2024-01-20,10.637430789779946,4.527963381011927
2024-01-21,10.63455135485539,4.509192562423391
2024-01-22,10.584242444574134,4.426316334114788
2024-01-23,10.592766028832056,4.434079394775233
2024-01-24,10.598559734560043,4.485620702317234
2024-01-25,10.594978577270549,4.4646338998493045
2024-01-26,10.641055151765366,4.526585396866509
2024-01-27,10.648279264620763,4.545029613146371
2024-01-28,10.646272008603455,4.56370194782088
2024-01-29,10.67563642434037,4.620715387307939
2024-01-30,10.667852679350434,4.619792523472914
2024-01-31,10.659201126541387,4.575006908027603
2024-02-01,10.670716016835627,4.583401916534685
2024-02-02,10.673268391365871,4.609565723844162
2024-02-03,10.66877514587372,4.583742054620928
2024-02-04,10.659224059644975,4.55888495375482
2024-02-05,10.660985767176623,4.559635649429642
2024-02-06,10.670922571885322,4.573277749395071
2024-02-07,10.699151218095603,4.614915333064321
2024-02-08,10.721096889377717,4.632645624405931
2024-02-09,10.76102988478613,4.672205596837211
2024-02-10,10.774179845481193,4.692553299701886
2024-02-11,10.785060909739776,4.677446986458667
2024-02-12,10.818942388271429,4.718434155586751
2024-02-13,10.814613799511312,4.72365792933436
2024-02-14,10.85566064902172,4.7619715723475275
2024-02-15,10.857816658250828,4.7335582071182305
2024-02-16,10.86207509086059,4.704525946132603
2024-02-17,10.852497061362802,4.691201233113908
2024-02-18,10.861352895643515,4.720057254490281
2024-02-19,10.85474273194947,4.7138930008463165
2024-02-20,10.86446241128679,4.68637812684841
2024-02-21,10.85590150697156,4.6551522229514575
2024-02-22,10.845542959331544,4.621730230174554
2024-02-23,10.834311153216031,4.604717049890169
2024-02-24,10.85071674734625,4.64567394139909
2024-02-25,10.853855760714486,4.63912215143204
2024-02-26,10.906366948371431,4.699739485273623
2024-02-27,10.952303164811905,4.685718160561616
2024-02-28,11.042998457788947,4.77112690221748
2024-02-29,11.021876043518928,4.833989736967526
2024-03-01,11.041971509307352,4.8674606186660805
2024-03-02,11.03537096199526,4.865225479553593
2024-03-03,11.053543166654274,4.870996655479553
2024-03-04,11.132110247503281,4.891811067174257
2024-03-05,11.06352726568836,4.833951501724277
2024-03-06,11.099026965889227,4.873226065926062
2024-03-07,11.111335105941743,4.969659534262154
2024-03-08,11.13166641817873,4.978387794485668
2024-03-09,11.13457271481075,4.974021474637341
2024-03-10,11.142148540467955,4.97338457120347
2024-03-11,11.186140839050703,5.002273506950813
2024-03-12,11.177191003001354,5.017382095788491
2024-03-13,11.19935790206543,5.098889201911662
2024-03-14,11.176005440607048,5.174338763448822
2024-03-15,11.147696517315048,5.209293189755894
2024-03-16,11.08697879210875,5.203349001487341
2024-03-17,11.13299103281336,5.308879221638713
2024-03-18,11.120602525258992,5.278077679338582
2024-03-19,11.033481793401984,5.135894203805242
2024-03-20,11.125992646370758,5.255146895587574
2024-03-21,11.089673972144544,5.188618280118067
2024-03-22,11.063175525492385,5.161143396334725
2024-03-23,11.067609814157786,5.152726418615197
2024-03-24,11.115936907308464,5.2126148915389665
2024-03-25,11.155661955003344,5.24218893787418
2024-03-26,11.156076733609908,5.2507007764715485
2024-03-27,11.148439289066957,5.227688150483366
2024-03-28,11.166836479038837,5.245030654030633
2024-03-29,11.154718321026634,5.258681912860773
2024-03-30,11.151170563977951,5.269843526212104
2024-03-31,11.175123422674254,5.312585738698139
2024-04-01,11.151986420340995,5.260448430982
2024-04-02,11.08899551597111,5.199448271895876
2024-04-03,11.09711925904443,5.2216987686026
2024-04-04,11.134718121756292,5.214708093782627
2024-04-05,11.124872491338003,5.1619333984538205
2024-04-06,11.140354987700567,5.186912756754371
2024-04-07,11.147102443064194,5.1910097151588905
2024-04-08,11.179288237161215,5.197307234126093
2024-04-09,11.143874475957427,5.149896357400939
2024-04-10,11.164613777199962,5.155816512133008
2024-04-11,11.15711599461545,5.150839864521847
2024-04-12,11.115367024434015,5.034582702452192
2024-04-13,11.06384497471878,4.936929118590255
2024-04-14,11.09344347621374,5.0191650958613865
2024-04-15,11.057632476717231,4.93093257073576
2024-04-16,11.06369439689446,4.914706657299064
2024-04-17,11.023154811544515,4.88178762366153
2024-04-18,11.058996013630662,4.956407153122734
2024-04-19,11.064191156507574,4.960607838307886
2024-04-20,11.082057028394079,5.018163950379032
2024-04-21,11.081013365917512,5.001320808413976
2024-04-22,11.110022267676788,5.056444635786735
2024-04-23,11.103561869186873,5.04149622040101
2024-04-24,11.070955567870602,4.995488814495336
2024-04-25,11.074136850639793,4.975989468008994
2024-04-26,11.062807915420777,4.935224296139448
2024-04-27,11.05752099746442,4.950808636445007
2024-04-28,11.052685701174266,4.926212670989367
2024-04-29,11.064152792961822,4.925633947310774
2024-04-30,11.01265816324528,4.843893401758967
2024-05-01,10.972568239764623,4.902515237099475
2024-05-02,10.98738263231432,4.92590845931592
2024-05-03,11.049139838812568,4.968232554260586
2024-05-04,11.064941183201617,4.984531232083242
2024-05-05,11.067124694258581,4.981639125498212
2024-05-06,11.053457329494858,5.029145574787481
2024-05-07,11.04027539949921,4.9981194508040065
2024-05-08,11.021705413240717,4.957900531605066
2024-05-09,11.051682721844896,5.029456688954112
2024-05-10,11.015226267209407,4.985091160923026
2024-05-11,11.015241624076165,4.9788995115248795
2024-05-12,11.025952988228958,4.966480062928508
2024-05-13,11.049324482466835,4.992351379914636
2024-05-14,11.027650444355254,4.956041087567132
2024-05-15,11.101454742016754,5.063776794049991
2024-05-16,11.085699017619602,5.069636356005225
2024-05-17,11.11322185252465,5.133033135335386
2024-05-18,11.111563995719358,5.150624102294521
2024-05-19,11.10161883616614,5.1363356713618105
2024-05-20,11.176727924991438,5.228541112692107
2024-05-21,11.158199067809143,5.182435865029815
2024-05-22,11.143633198298957,5.175362862669465
2024-05-23,11.126226601711199,5.170403189549577
2024-05-24,11.134969996379247,5.12275444330673
2024-05-25,11.145708654764677,5.1265655764149045
2024-05-26,11.134853131706638,5.095900686682254
2024-05-27,11.147563680700397,5.1357757281239875
2024-05-28,11.13160968165444,5.127830591964451
2024-05-29,11.121039152560593,5.124396490691912
2024-05-30,11.132616162466865,5.117853275490538
2024-05-31,11.119755669696058,5.109802936867822
2024-06-01,11.122943927800915,5.112172531326748
2024-06-02,11.123603377761437,5.095282207343309
2024-06-03,11.139028516419566,5.105481499093415
2024-06-04,11.164328741668491,5.146342218213645
2024-06-05,11.171600959485094,5.156079093995071
2024-06-06,11.167009069213076,5.135893844809229
2024-06-07,11.146814512133185,5.090721382739882
2024-06-08,11.14628349249428,5.0623981945915695
2024-06-09,11.151209151620868,5.088112269431946
2024-06-10,11.149258724574846,5.0684514223220285
2024-06-11,11.117391349656966,5.00682126723868
2024-06-12,11.130803583831266,5.044570051736455
2024-06-13,11.108805428410106,4.992569231828303
2024-06-14,11.097578094004717,4.963504808416777
2024-06-15,11.100299781021203,4.979572579359142
2024-06-16,11.107045974142403,5.018110640873419
2024-06-17,11.10481130434367,4.965179484825803
2024-06-18,11.084305532460517,4.9236529916129355
2024-06-19,11.081531544945191,4.909780198085603
2024-06-20,11.079503010667478,4.893898921190621
2024-06-21,11.068140346591488,4.902220508622185
2024-06-22,11.070577128411566,4.895375888726336
2024-06-23,11.053755687049565,4.856632342343214
2024-06-24,11.006712753056153,4.8846289952219415
2024-06-25,11.03173373164601,4.916758250273261
2024-06-26,11.01553053338195,4.917123900372315
2024-06-27,11.028495081245408,5.0069510456909105
2024-06-28,11.007421269236795,4.939521601387023
2024-06-29,11.016781189301488,4.941714899230857
2024-06-30,11.045770462033213,4.98697418261016
2024-07-01,11.048537724560118,4.987674107138101
2024-07-02,11.035357548503827,5.035005807530408
2024-07-03,11.00499434599721,4.946853214215399
2024-07-04,10.950415297042861,4.848514868690844
2024-07-05,10.944865689202109,4.900592269542464
2024-07-06,10.973418074827197,4.964529785950241
2024-07-07,10.930408857637877,4.881089044538369
2024-07-08,10.945619391428531,4.937804347619313
2024-07-09,10.96835735554068,4.951228116318797
2024-07-10,10.963748682170834,4.955649524099943
2024-07-11,10.956839436192565,4.911795873414889
2024-07-12,10.966463420750669,4.9382654064515314
2024-07-13,10.989216423993252,4.955298555533289
2024-07-14,11.015144274256256,4.994657082671277
2024-07-15,11.080142894651237,5.074761075191664
2024-07-16,11.083636024433911,5.078617129484802
2024-07-17,11.068492781979087,5.047186462859614
2024-07-18,11.066233067818734,5.069359558988032
2024-07-19,11.10811248792837,5.130997917144405
2024-07-20,11.114887434276701,5.158433178542006
2024-07-21,11.129532809646845,5.2178749703976415
2024-07-22,11.121145042956734,5.187264495372123
2024-07-23,11.096313539410449,5.151889272740926
2024-07-24,11.087851342852872,5.18196501054878
2024-07-25,11.094028956532817,5.147279766151215
2024-07-26,11.125968948726015,5.210232970897917
2024-07-27,11.124514149829876,5.215399799068477
2024-07-28,11.131018675469548,5.219739840159965
2024-07-29,11.109756429805461,5.208286492947379
2024-07-30,11.100451083574788,5.187984470142745
2024-07-31,11.0762676329973,5.1464832483466365
2024-08-01,11.087627479108344,5.122010400628272
2024-08-02,11.025410465243473,5.028070607594155
2024-08-03,11.013370978451388,4.962299006401499
2024-08-04,10.970213095727178,4.927652766589816
2024-08-05,10.896581109905977,4.866490086750431
2024-08-06,10.933719575005094,4.970440620469293
2024-08-07,10.91558762938367,4.97419324454838
2024-08-08,11.030203486816628,5.093325204720039
2024-08-09,11.016661853263962,5.052782581902278
2024-08-10,11.01774042869358,5.03668742102543
2024-08-11,10.980526882170142,4.952489490373789
2024-08-12,10.99128348181075,4.9867130171471254
2024-08-13,11.012208021087867,4.988476199884562
2024-08-14,10.980829719696201,4.969281643786427
2024-08-15,10.960584857599066,4.961065559783544
2024-08-16,10.983496287700408,4.936849285331118
2024-08-17,10.993378128337671,4.954407089997725
2024-08-18,10.976507890411199,4.959951522998808
2024-08-19,10.993621553967206,4.972197184784935
2024-08-20,10.985509529362448,4.964016948896887
2024-08-21,11.0214970171372,4.960811866191121
2024-08-22,11.008444903031656,4.964646743731491
2024-08-23,11.068111580821581,5.0311375862538075
2024-08-24,11.069431211634667,5.079736829383943
2024-08-25,11.07183643779521,5.068332458002782
2024-08-26,11.048993925716076,5.057753441805256
2024-08-27,10.993801048155168,4.9897323057654885
2024-08-28,10.9857608336459,4.9690587645655775
2024-08-29,10.99185049038864,4.9420282865261775
2024-08-30,10.987315701768612,4.927977994120723
2024-08-31,10.984782396719028,4.908043182272373
2024-09-01,10.956500625461308,4.857410698992012
2024-09-02,10.987197356543957,4.905292297635373
2024-09-03,10.958339914307253,4.848724676111966
2024-09-04,10.96770746327409,4.894879544756976
2024-09-05,10.935968733128599,4.862359150699701
2024-09-06,10.895789873223059,4.828234327411138
2024-09-07,10.899322791079229,4.8498526230688705
2024-09-08,10.912203696474931,4.867453810372828
2024-09-09,10.951149210140377,4.905464534558309
2024-09-10,10.962123165299772,4.909969101278117
2024-09-11,10.956809054876391,4.886562952757436
2024-09-12,10.970385752505791,4.913697773638497
2024-09-13,11.011576475413042,4.935196982179462
2024-09-14,11.0021851891245,4.921292321432281
2024-09-15,10.988386845345081,4.879002210150299
2024-09-16,10.9715118936889,4.878798428491196
2024-09-17,11.00722898234961,4.879288780369678
2024-09-18,11.029223312918003,4.897778990688936
2024-09-19,11.04994443197192,4.9616990316085
2024-09-20,11.053948443619324,4.987481317551306
2024-09-21,11.057137746635803,5.007477236505757
2024-09-22,11.061134351423833,4.975378686141836
2024-09-23,11.056111283780753,4.975456977237971
2024-09-24,11.07134552795294,5.029732776619987
2024-09-25,11.05315956339405,4.997370519629138
2024-09-26,11.084923594049675,5.047134972571284
2024-09-27,11.094233223698353,5.06101111451059
2024-09-28,11.095706274054114,5.055687877822122
2024-09-29,11.0918690113765,5.066569186678952
2024-09-30,11.056106534326933,5.027941141921797
2024-10-01,11.015953563909683,4.978730963711956
2024-10-02,11.012591034943744,4.944392630760629
2024-10-03,11.01467712031752,4.918411715462597
2024-10-04,11.035977403876908,4.964048602596463
2024-10-05,11.036339406493408,4.960826835151379
2024-10-06,11.048012108276925,4.986631955518988
2024-10-07,11.038699496683854,4.969756289419594
2024-10-08,11.037015930146234,4.965599046227456
2024-10-09,11.01175477467777,4.936741407222762
2024-10-10,11.006664407701818,4.933670822778463
2024-10-11,11.042042887062264,4.979358909459223
2024-10-12,11.053949185394522,4.987027407410742
2024-10-13,11.048528091265164,4.994319129626579
2024-10-14,11.098108640553454,5.059077012768979
2024-10-15,11.113061282975492,5.041621083086738
2024-10-16,11.121551391522942,5.038472371732937
2024-10-17,11.118397862735716,5.012739909706793
2024-10-18,11.13340275978538,5.0432698589941225
2024-10-19,11.132583136063852,5.072917261884486
2024-10-20,11.141886466245792,5.1176333842124535
2024-10-21,11.117923203324489,5.113293400547061
2024-10-22,11.117827525331311,5.119550367390555
2024-10-23,11.103937087117613,5.141268713165724
2024-10-24,11.129628635085066,5.177035987448668
2024-10-25,11.10709650161227,5.104471035769842
2024-10-26,11.11266720734552,5.139942562610071
2024-10-27,11.126222691403088,5.1735995589878145
2024-10-28,11.154931906505643,5.182372725990647
2024-10-29,11.194378497083406,5.189399131321255
2024-10-30,11.18912613366522,5.164357153617112
2024-10-31,11.159319912768295,5.126520189725055
2024-11-01,11.148829751531515,5.113565643714944
2024-11-02,11.146045388745986,5.11205010845668
2024-11-03,11.138102802635737,5.090993644557539
2024-11-04,11.124487191273472,5.060993122996201
2024-11-05,11.147059303764403,5.116330134964696
2024-11-06,11.233728335032866,5.230866813333743
2024-11-07,11.237235984720346,5.279820319716128
2024-11-08,11.245640308059663,5.298012373142862
2024-11-09,11.248684714440998,5.299291470811811
2024-11-10,11.295691759812842,5.350025762604661
2024-11-11,11.393031902937803,5.4055636533752125
2024-11-12,11.384589836668697,5.357679127872609
2024-11-13,11.414034687156459,5.371496055515515
2024-11-14,11.376537764837646,5.34338188690111
2024-11-15,11.419339883129073,5.384930333494448
2024-11-16,11.413751070884954,5.3745783070077096
2024-11-17,11.405850720444636,5.470485598203203
2024-11-18,11.413576185850712,5.479781266026918
2024-11-19,11.433273729034363,5.472680461287297
2024-11-20,11.454655174032796,5.461386700728221
2024-11-21,11.497859811415008,5.549332423443024
2024-11-22,11.50285153351007,5.547201475830637
2024-11-23,11.490447530980276,5.54196334954504
2024-11-24,11.492863771306755,5.533071355703613
2024-11-25,11.441454134013465,5.457227883912879
2024-11-26,11.429384281479184,5.44232331295146
2024-11-27,11.47171309478414,5.490185771718652
2024-11-28,11.468476784781007,5.471278616907023
2024-11-29,11.487212947688215,5.495320205279054
2024-11-30,11.476770217223118,5.471193387289525
2024-12-01,11.485346528843408,5.4683551652495215
2024-12-02,11.470699409045046,5.419455634083841
2024-12-03,11.472126012513607,5.456176806341232
2024-12-04,11.500534323385613,5.434242798977415
2024-12-05,11.478267458073391,5.455315572619818
2024-12-06,11.5121322598412,5.468275608076548
2024-12-07,11.512158530326024,5.4745703734430915
2024-12-08,11.525209858145764,5.466676622335616
2024-12-09,11.486917354679552,5.381469670634286
2024-12-10,11.479114561125563,5.3651561251652895
2024-12-11,11.524587510696326,5.426916533628817
2024-12-12,11.513355372546723,5.425067711610897
2024-12-13,11.527412596019019,5.415377009651225
2024-12-14,11.526561754225602,5.392903462800509
2024-12-15,11.555014131922132,5.410116619777797
2024-12-16,11.571474699365162,5.376827951601669
2024-12-17,11.572519923998197,5.406349580121014
2024-12-18,11.513340769344428,5.329727581947447
2024-12-19,11.487514864219284,5.269323658821933
2024-12-20,11.490229137772468,5.268930654142962
2024-12-21,11.484780346600347,5.200161130065821
2024-12-22,11.462736166218333,5.193894826380973
2024-12-23,11.458323990769212,5.245726876570988
2024-12-24,11.499597984837491,5.283148036479915
2024-12-25,11.505892746400228,5.2856326556939495
2024-12-26,11.469971153103424,5.237601445321628
2024-12-27,11.45280234823847,5.214003126931928
2024-12-28,11.463356259145382,5.273068964082812
2024-12-29,11.44603994177678,5.245677179693783
2024-12-30,11.436510952585051,5.252420253153668
