Date,ret_BTC,ret_SOL
2021-01-02,0.08959001114880749,-0.023513738072326373
2021-01-03,0.02017517240339295,0.1835351687829384
2021-01-04,-0.025022467355816147,0.1393926680606884
2021-01-05,0.06128001171320463,-0.14149268843492524
2021-01-06,0.08002182823087978,-0.11170476574173538
2021-01-07,0.06687092425852725,0.2069333171597858
2021-01-08,0.03559288987944953,0.3052987430326448
2021-01-09,-0.013400522620514721,0.050120460781651666
2021-01-10,-0.0483004859568652,0.023566468021437137
2021-01-11,-0.07551390060372576,-0.10902483511215633
2021-01-12,-0.0473164778588302,0.1506402595297145
2021-01-13,0.0953397207362574,-0.027955667431146525
2021-01-14,0.04892161277885165,-0.06940947512051143
2021-01-15,-0.062166498972308304,-0.008578969274781523
2021-01-16,-0.01773184714361875,0.05881575990540666
2021-01-17,-0.010750872199338346,0.10224287837640689
2021-01-18,0.02316538885922803,-0.0059430286669797106
2021-01-19,-0.015413522880193042,-0.04132394337110146
2021-01-20,-0.014579216975338483,0.02218884853311076
2021-01-21,-0.14252813081835924,-0.2192324005727282
2021-01-22,0.0683334114753027,0.11238143595364658
2021-01-23,-0.028834641394270832,0.04610307454891349
2021-01-24,0.006890847351744611,0.036509951137417396
2021-01-25,0.0023822686367900303,0.0178805888634761
2021-01-26,0.006266383460683755,0.08973465109892897
2021-01-27,-0.06787434522440883,-0.09227679277771816
2021-01-28,0.09502025954716942,0.035007155713114635
2021-01-29,0.02509007084781878,0.0032922617998891734
2021-01-30,-0.0013665573129024722,0.09676294739895552
2021-01-31,-0.03428942338957164,0.00939354345613519
2021-02-01,0.012687542067995494,0.07833382088235519
2021-02-02,0.05716793887942018,0.13298212602575687
2021-02-03,0.053773897801539405,0.08171013110435665
2021-02-04,-0.014678676703823612,0.11709484860702823
2021-02-05,0.03245885330843379,0.03901303566756287
2021-02-06,0.028982741281131652,-0.08931657297653062
2021-02-07,-0.00927658818340582,0.09211776781839953
2021-02-08,0.1718205618881239,0.16256368404479993
2021-02-09,0.0061426193854519084,-0.008465921736511728
2021-02-10,-0.03420320342962846,0.14894198607102282
2021-02-11,0.06446761605839413,0.01565444559421314
2021-02-12,-0.008478464657924789,0.003429691956331915
2021-02-13,-0.00844174525182062,-0.05725391371292021
2021-02-14,0.03364387990623818,0.0007373346680457082
2021-02-15,-0.015978235928811202,0.013959130421760335
2021-02-16,0.025835260740748822,-0.06574456636641024
2021-02-17,0.05821415216952097,-0.00911479714357144
2021-02-18,-0.009038226589304088,0.08816649364180762
2021-02-19,0.07828513543693205,0.24430573844296122
2021-02-20,0.0037751835203785333,-0.13650448846514518
2021-02-21,0.025352159710532618,0.10278771235727158
2021-02-22,-0.05966344725525374,0.26538639449639634
2021-02-23,-0.10458524450100981,0.050371086980761426
2021-02-24,0.0178814957381217,0.1294663894989423
2021-02-25,-0.05396975925205183,-0.22503462695466814
2021-02-26,-0.016142075456887284,-0.01664565442721555
2021-02-27,-0.003270542479990368,-0.02887740562000829
2021-02-28,-0.023010476566760474,-0.008514280764135851
2021-03-01,0.09490116032713836,0.13329399771748296
2021-03-02,-0.025554925208490786,-0.06896619898075329
2021-03-03,0.043664727693901284,0.011161101597875867
2021-03-04,-0.03990612219912748,-0.0748216582704404
2021-03-05,0.0075114201765362765,-0.03793298704797188
2021-03-06,-0.0003050270395785759,0.03322460567289287
2021-03-07,0.04583962336068126,0.06253566608578653
2021-03-08,0.02010313651550355,-0.020054890837428285
2021-03-09,0.048156840253234634,0.08752072071597494
2021-03-10,0.021374179798028692,-0.04232281383200265
2021-03-11,0.03157300039029742,0.11667746941499413
2021-03-12,-0.00821687285311512,-0.09436783744557609
2021-03-13,0.0659904612617126,0.050689787475412196
2021-03-14,-0.0322025926592886,-0.053709409685767984
2021-03-15,-0.05895520841682256,-0.022416379210130177
2021-03-16,0.015929471547609708,-0.040559317538070516
2021-03-17,0.03572418708035663,0.04292083788384504
2021-03-18,-0.017339151916612394,0.0006904613865508225
2021-03-19,0.008394319050578858,-0.001774546816867062
2021-03-20,-0.0005658791253750906,0.0005056859572505346
2021-03-21,-0.01364390413984573,0.008423828316008297
2021-03-22,-0.05345688104443269,0.040146077758635546
2021-03-23,0.0038401154329434917,-0.049073107947907424
2021-03-24,-0.03655175777765862,-0.03901526988444681
2021-03-25,-0.020485432915554824,-0.047689708796869734
2021-03-26,0.06428841931989204,0.1263585822047224
2021-03-27,0.015051908974824002,0.11062887275918065
2021-03-28,-0.0004068041327034422,0.08740860649596627
2021-03-29,0.03165502939331688,0.04549478102522153
2021-03-30,0.020014609919984494,0.019907649452827414
2021-03-31,1.9359447593458867e-05,0.011954107511074508
2021-04-01,0.002999232878687863,-0.01973220617791238
2021-04-02,0.004870090844088182,0.037300557405727464
2021-04-03,-0.030439981167967645,0.12963792053109557
2021-04-04,0.01984664313237694,0.06476968423407437
2021-04-05,0.005081207326213644,-0.04579504948641544
2021-04-06,-0.014763897549620708,0.08234952765619985
2021-04-07,-0.037528870853165586,0.0591570675636679
2021-04-08,0.039787675704227254,0.020777604666800897
2021-04-09,-0.0013545498361153818,0.027159369806089906
2021-04-10,0.02623419809666494,-0.03430860439265748
2021-04-11,0.0068623043874040945,0.03982344502560364
2021-04-12,-0.005187618998144572,0.020560304737018864
2021-04-13,0.058527143450268326,-0.03848965668227233
2021-04-14,-0.006219938149170545,-0.03563462795087702
2021-04-15,0.00323225111697667,0.04948948194482483
2021-04-16,-0.027886621874568363,-0.09104911541695149
2021-04-17,-0.01454292610140584,-0.011782604947392805
2021-04-18,-0.07647243109811974,0.25229470463811765
2021-04-19,-0.008788979117795748,-0.019601547280016618
2021-04-20,0.013347500558966274,0.0029681403586931943
2021-04-21,-0.04651974554182736,0.023117171285263804
2021-04-22,-0.040581883746806824,0.17883251083672436
2021-04-23,-0.013001302685205829,-0.05013931960913576
2021-04-24,-0.020620437180109974,0.09681002444696363
2021-04-25,-0.02113272327896709,0.1507944729268509
2021-04-26,0.0974797068019555,-0.07428322297024614
2021-04-27,0.01854831914865329,-0.016912863325798888
2021-04-28,-0.0037942553737355666,0.03604507529523593
2021-04-29,-0.0234296738251345,-0.05421280037107401
2021-04-30,0.0754151877209619,0.01160117361859081
2021-05-01,0.0013475723603129097,0.14195835744421048
2021-05-02,-0.020916047590224807,-0.054309232684138564
2021-05-03,0.01000110220540229,-0.020626675050472443
2021-05-04,-0.06999363622377608,-0.07230793249094836
2021-05-05,0.07389708647447613,0.05007185974287509
2021-05-06,-0.01805509355764201,-0.03322124294566997
2021-05-07,0.01687709678143534,-0.006942800488892509
2021-05-08,0.0249216197027895,0.054265044159899745
2021-05-09,-0.00976562803402814,-0.02739766480306427
2021-05-10,-0.04159554115971531,-0.03256971770330175
2021-05-11,0.015009957344290115,0.03813218812303587
2021-05-12,-0.1429671467730369,-0.048729455140973155
2021-05-13,0.01144292811009251,-0.03497941097097712
2021-05-14,0.003300186759766177,0.04109753355674828
2021-05-15,-0.06459870319528349,0.01725384351862136
2021-05-16,-0.006525257090235215,0.08254038640912764
2021-05-17,-0.0648839844864657,-0.007178621487578418
2021-05-18,-0.014531934084628162,0.17652762090928986
2021-05-19,-0.14810707635188614,-0.46535473385091386
2021-05-20,0.09727501612396061,0.2425236694633539
2021-05-21,-0.08913981683679317,-0.14217797964641354
2021-05-22,0.006198237437244458,-0.21463559195698423
2021-05-23,-0.07654564579833334,-0.23776824071813873
2021-05-24,0.10722243682664256,0.23674551011890843
2021-05-25,-0.007878782581023813,-0.04199310436054304
2021-05-26,0.02296156581276776,0.16955372139706215
2021-05-27,-0.02205718107153487,-0.0565863384137586
2021-05-28,-0.07393611150144253,-0.14541809521114324
2021-05-29,-0.03076569154215214,-0.05896716821133907
2021-05-30,0.030219944078986316,0.043817598872515795
2021-05-31,0.04533591723246566,0.1374240052273179
2021-06-01,-0.017507853573118126,-0.05741209079103804
2021-06-02,0.023977788702314484,0.09156332314398252
2021-06-03,0.042556616951369364,0.15048889492429174
2021-06-04,-0.060840387267125706,-0.05349027270469442
2021-06-05,-0.03706474257477588,0.05638680079006031
2021-06-06,0.00869359985018825,0.06652473401019554
2021-06-07,-0.06633285563534308,-0.10051915052819416
2021-06-08,-0.0026277750634573493,0.08165666598357113
2021-06-09,0.10947410238213884,0.012303310373858789
2021-06-10,-0.017354742993129335,-0.02245003679924773
2021-06-11,0.017067578415986162,-0.13117760845658655
2021-06-12,-0.04890419504040544,0.01091514020516371
2021-06-13,0.09505680129465688,0.06194457143743959
2021-06-14,0.028258787966320753,-0.0014811074402127922
2021-06-15,0.0046584533275275675,0.06113571082672031
2021-06-16,-0.05230703159614336,-0.03587028934542991
2021-06-17,-0.007684760787668665,-0.011119168373100674
2021-06-18,-0.0614015913917374,-0.0689425471768792
2021-06-19,-0.004800219817294504,-0.03598500534894722
2021-06-20,0.002311625313792476,-0.0008891818510310401
2021-06-21,-0.11952179584867828,-0.281439600985681
2021-06-22,0.025833047609392423,0.004284407437681548
2021-06-23,0.03676667515561327,0.11547443246493572
2021-06-24,0.027475699857644642,0.03698439775089701
2021-06-25,-0.09130465397426413,-0.08295255513693567
2021-06-26,0.017188238400922984,0.034722286709978345
2021-06-27,0.07374727447930951,0.07194720077434757
2021-06-28,-0.00623326245575484,0.030789722445108136
2021-06-29,0.04078512112413968,0.028118565914354132
2021-06-30,-0.023325202965851943,0.04868503497584742
2021-07-01,-0.042818245600875215,-0.06244362289170802
2021-07-02,0.009632020913439732,0.01828606785100062
2021-07-03,0.022504948021344617,0.01338240622667719
2021-07-04,0.017703918010917974,-0.004890782545172723
2021-07-05,-0.04467475626166717,-0.039413911553476844
2021-07-06,0.014392210079462231,0.03820475122513667
2021-07-07,-0.011157826650300962,0.06556721792764542
2021-07-08,-0.029311778537964628,-0.09715025970502333
2021-07-09,0.0276173634478738,0.001833074189876438
2021-07-10,-0.008244201233594595,-0.045386080635391846
2021-07-11,0.021242252673875583,0.012168909786956394
2021-07-12,-0.03218092634783076,-0.042203304969930855
2021-07-13,-0.0137820864258007,-0.057608691207736484
2021-07-14,0.0036725998364310897,0.07154483129434963
2021-07-15,-0.03224946835684328,-0.09478889081614517
2021-07-16,-0.011366530858486712,-0.07599467653815317
2021-07-17,0.0035431692173464313,0.013247459467353284
2021-07-18,0.008329203113175865,0.0011310638715928967
2021-07-19,-0.03127250298871154,-0.09007475356296402
2021-07-20,-0.033338555734211184,-0.039975221749070755
2021-07-21,0.0744341723569324,0.12522261291920644
2021-07-22,0.006283788882168295,0.03972907882532262
2021-07-23,0.038503942271905345,0.028883417125237898
2021-07-24,0.020948244356670642,0.006597413802455598
2021-07-25,0.030378619797657436,-0.01877434513136933
2021-07-26,0.05469542869161259,0.004882448485465041
2021-07-27,0.053942853488036846,-0.008561606736788185
2021-07-28,0.014835126516453911,-0.008944683086611338
2021-07-29,0.0003128737005972937,0.11742507329100738
2021-07-30,0.054172230652618225,0.03495620612823558
2021-07-31,-0.014532545375150363,0.12826827140075903
2021-08-01,-0.040478043755713955,-0.07242589487609497
2021-08-02,-0.01952524946480949,-0.030588920334253977
2021-08-03,-0.027122491205131993,0.02303089800507596
2021-08-04,0.04094316463847747,0.05067550677705901
2021-08-05,0.027838357371246403,0.0435390893580716
2021-08-06,0.04653814062641537,0.05446480190866776
2021-08-07,0.03981881145877608,-0.001081280300462062
2021-08-08,-0.01715152390208985,-0.044888419170508786
2021-08-09,0.05696271209006909,0.02862405758496145
2021-08-10,-0.016974141392609,0.04715821784962859
2021-08-11,0.00018876057234251675,0.02681064409294187
2021-08-12,-0.025891753544200924,-0.015565873308995837
2021-08-13,0.0730094797189178,0.08832272498000471
2021-08-14,-0.01467774375797326,-0.017564181609258434
2021-08-15,-0.0010609584864251786,0.1975024730927788
2021-08-16,-0.022408306921166243,0.14983180549242903
2021-08-17,-0.0288691990345864,0.028084591588853236
2021-08-18,0.002364966650011624,0.12201379369144849
2021-08-19,0.0418858533323494,0.002949665990583661
2021-08-20,0.054597906983852695,0.07882244462035004
2021-08-21,-0.008828701235467307,-0.06519070249416536
2021-08-22,0.008473475397265062,-0.012995441745788483
2021-08-23,0.004541346683280878,0.03911458371028864
2021-08-24,-0.037844894330950396,-0.06885036574774794
2021-08-25,0.025960121950429738,0.017959258678319934
2021-08-26,-0.04210229745237548,0.04570212141524621
2021-08-27,0.044099430302267706,0.15662941056239177
2021-08-28,-0.0031903644385735674,0.09332142537656907
2021-08-29,-0.0014850847584071403,-0.02336732773180117
2021-08-30,-0.03702463994727623,0.15714207188920515
2021-08-31,0.0023710718587306445,-0.018820338372021794
2021-09-01,0.035005653788017455,0.023226899767315956
2021-09-02,0.009792724788171725,0.1430023412051602
2021-09-03,0.014044128006187151,0.1347623480072393
2021-09-04,-0.001615484996733585,-0.05230514787884122
2021-09-05,0.03557543501667304,0.021039028771590473
2021-09-06,0.016863140380221964,0.14586035258026264
2021-09-07,-0.11723249529729962,0.0519656468636418
2021-09-08,-0.015494793572990773,0.09833807642661263
2021-09-09,0.006488390533952781,-0.0150072289088925
2021-09-10,-0.03303518664446514,-0.04527504180985531
2021-09-11,0.007049939410356032,-0.005560472538338246
2021-09-12,0.01888655452823862,-0.024507047390213366
2021-09-13,-0.024174296052118294,-0.030647958533045028
2021-09-14,0.04627200677790988,-0.06829742641413006
2021-09-15,0.02275460131450835,0.0064472380209315006
2021-09-16,-0.008190739435939065,-0.042647722101760266
2021-09-17,-0.010854079709277542,-0.03253556878399433
2021-09-18,0.021160126154024184,0.13652926181204972
2021-09-19,-0.021314594702564804,-0.10371412352324505
2021-09-20,-0.09810793836995657,-0.14345400921579454
2021-09-21,-0.05148826786332528,-0.06393860932234485
2021-09-22,0.06839960199678252,0.17681892015336675
2021-09-23,0.02985630902322356,0.012290725438560912
2021-09-24,-0.04686219528987401,-0.07167482234009093
2021-09-25,-0.002878952738409879,-0.02334661498847357
2021-09-26,0.011450682044497285,-0.0035277087374501193
2021-09-27,-0.022771582829570036,0.0075547183219502045
2021-09-28,-0.028852332947741033,-0.0387068280147469
2021-09-29,0.012828924814572318,0.028584946594243377
2021-09-30,0.05218276011816414,0.04137468761202978
2021-10-01,0.09420841893127907,0.13638429180881673
2021-10-02,-0.008462113921140713,0.04481521296157531
2021-10-03,0.010185835179136404,0.020464992349504385
2021-10-04,0.01876372859342723,-0.03452671258488582
2021-10-05,0.047747610534685236,-0.015814787373479078
2021-10-06,0.07201410137731123,-0.06292047259362388
2021-10-07,-0.028498794333346567,0.0011248566726775877
2021-10-08,0.0030037607441677494,0.029807836429833756
2021-10-09,0.018366792910816443,-0.013448810369660613
2021-10-10,-0.003583836316876088,-0.05759455132119928
2021-10-11,0.04834896270757305,-0.021786402527422588
2021-10-12,-0.025435763506084896,0.05296337200785306
2021-10-13,0.02397881481648234,-0.030317253308934866
2021-10-14,-0.0013872457018972995,0.010611650411270546
2021-10-15,0.07188745837457944,0.08225718642716107
2021-10-16,-0.011458884632588706,-0.03159797392647956
2021-10-17,0.010803865067540386,0.01389941906325376
2021-10-18,0.0076462923492908175,-0.01585348646350937
2021-10-19,0.0354134436604987,-0.007752665949971593
2021-10-20,0.026577834542036882,0.12021690787128314
2021-10-21,-0.059027668390729815,0.07851657829005898
2021-10-22,-0.024702251082704407,0.03161529568096899
2021-10-23,0.011489604888575755,0.006456299313870595
2021-10-24,-0.007566491344887183,0.02328785345696094
2021-10-25,0.03402727333400435,0.037545949752825436
2021-10-26,-0.043377186101063,-0.050250887957608015
2021-10-27,-0.03166384386368293,-0.08364316545711592
2021-10-28,0.03593449158802464,0.05859180162342259
2021-10-29,0.02614437550515447,0.02692892899879329
2021-10-30,-0.005464750380490102,-0.024099788113884024
2021-10-31,-0.009250698649358569,0.03521885450337159
2021-11-01,-0.005142950065019747,0.005537763168782739
2021-11-02,0.03577587734847398,0.07882846369218566
2021-11-03,-0.004062805617151,0.09792895864302498
2021-11-04,-0.024399034254608765,0.01831205732680896
2021-11-05,-0.005328129187967434,-0.0451173503542357
2021-11-06,0.006551908440947329,0.09073478188097273
2021-11-07,0.028827681539784322,-0.035819848841310176
2021-11-08,0.06480556096155787,-0.005443856082943732
2021-11-09,-0.00884509918220111,-0.037955825921363484
2021-11-10,-0.02995816542044416,-0.022976458206280803
2021-11-11,-0.0006967481072823745,0.0019709725713514814
2021-11-12,-0.012300437518714347,-0.024804087273468944
2021-11-13,0.004875963708276032,0.056669078757820124
2021-11-14,0.015351084638069779,-0.014157453442226853
2021-11-15,-0.029592905846715922,-0.003663684612650542
2021-11-16,-0.054922454251583375,-0.080230708675459
2021-11-17,0.0034309649222326044,-0.002391978973493636
2021-11-18,-0.058423750403308716,-0.11227462589916382
2021-11-19,0.020466973046305625,0.09644358558428046
2021-11-20,0.026782459618040377,0.012625553147228352
2021-11-21,-0.016326255638853482,0.059075315359078395
2021-11-22,-0.04245451447744841,-0.06957909605823343
2021-11-23,0.022481248103211726,0.027881077706671142
2021-11-24,-0.022638719964637843,-0.03166939371613431
2021-11-25,0.017511838160780613,-0.04116950248261464
2021-11-26,-0.06687380102128238,-0.07415436496682304
2021-11-27,0.02298046960742184,0.008270202203542354
2021-11-28,0.043435386277888455,0.03847554840188838
2021-11-29,0.009701684218224926,0.01798938030922681
2021-11-30,-0.013955922421075684,0.021074509489419135
2021-12-01,0.003928780734842263,0.096447257653824
2021-12-02,-0.013227302108742123,0.018085321165261625
2021-12-03,-0.05233158566534257,-0.10237032448899352
2021-12-04,-0.08560843085516368,-0.04899528457740665
2021-12-05,0.003411696472447545,-0.02495301722412968
2021-12-06,0.02428852685142857,-0.010088220614341559
2021-12-07,0.0023194677368660876,-0.01872376131437914
2021-12-08,-0.0038592862213864265,0.020896923780711063
2021-12-09,-0.0577215558084756,-0.07157725100928047
2021-12-10,-0.009035819421615798,-0.07578534646489032
2021-12-11,0.04388024071672447,0.023505692789576038
2021-12-12,0.014796607838164277,0.008582904833072114
2021-12-13,-0.06944137030817465,-0.11098495170273193
2021-12-14,-0.0026748276204262567,-0.012131636238737364
2021-12-15,0.04783877809998138,0.15102916167999147
2021-12-16,-0.02550406419845963,-0.007802693035189101
2021-12-17,-0.03118009325604021,-0.008235753475100083
2021-12-18,0.013898695656308746,0.0409269883717851
2021-12-19,-0.0030305301841355714,-0.015083369806001556
2021-12-20,0.003702680378991019,-0.036334225464195846
2021-12-21,0.04292879288746754,0.03630363930847924
2021-12-22,-0.006315834406489529,-0.008338300019693712
2021-12-23,0.04338193932958667,0.062082635138584585
2021-12-24,0.0007412156675563608,0.001245708909505261
2021-12-25,-0.007749727198993028,0.014855652567138833
2021-12-26,0.007500204929835164,0.024954178004816363
2021-12-27,-0.003333620966692763,-0.013071006723660794
2021-12-28,-0.0621514265119778,-0.09664819540412939
2021-12-29,-0.024336011956341608,-0.038892538868915416
2021-12-30,0.015667738713133872,0.012193363474049868
2021-12-31,-0.018649172756866506,-0.014296212259146124
2022-01-01,0.0293737331477697,0.04713298465341964
2022-01-02,-0.007189054400020822,-0.012032247622348002
2022-01-03,-0.01891463669576332,-0.03510853225746313
2022-01-04,-0.012138934663861178,-0.013948099325783225
2022-01-05,-0.05206628845481376,-0.07953190676689648
2022-01-06,-0.009410297303588777,-0.030561500037468825
2022-01-07,-0.037847988650375086,-0.09789444262910063
2022-01-08,0.0042270483325967945,0.04382404310188903
2022-01-09,0.004247935206112885,-0.011819013047230875
2022-01-10,-0.002157811766201334,-0.0352939129142813
2022-01-11,0.02163341063743829,0.03063128468859322
2022-01-12,0.027993907251913086,0.07897058757764608
2022-01-13,-0.03137582795207017,-0.03824999702035825
2022-01-14,0.011859664695821337,0.0010198672340964166
2022-01-15,0.001801155622210615,0.01117272292603566
2022-01-16,-0.0014722123644013152,0.00037437637277015767
2022-01-17,-0.020227571699049207,-0.05512857109365221
2022-01-18,0.0029561092566119385,0.011801918184081828
2022-01-19,-0.015009910442870478,-0.04178853475009259
2022-01-20,-0.025816743095603556,-0.06532497542363824
2022-01-21,-0.10960468291544068,-0.12760643056842635
2022-01-22,-0.039930188839646164,-0.17300524923333338
2022-01-23,0.03496657378118151,0.05575299592265903
2022-01-24,0.010352967106697974,-0.08296476890147986
2022-01-25,0.008142486826951512,0.03295015009395996
2022-01-26,-0.002760824449564936,-0.026556210975263284
2022-01-27,0.007733837890786077,-0.028654789290962768
2022-01-28,0.01724750509041506,0.018574145331752945
2022-01-29,0.009321351739208339,0.052381450121448125
2022-01-30,-0.005800446457154607,-0.030878284783466547
2022-01-31,0.014804408066392938,0.06675995214911357
2022-02-01,0.0067373185026333715,0.09773411415755895
2022-02-02,-0.04731073995912283,-0.07690987133490079
2022-02-03,0.0054412158319916415,-0.003724246181501023
2022-02-04,0.11062688345744753,0.10039829736224526
2022-02-05,-0.0014398234837340596,0.01521740036949737
2022-02-06,0.023166876517578316,0.012264490207209988
2022-02-07,0.0331115827095374,0.01766945648868834
2022-02-08,0.006324808965338491,-0.03256105954377819
2022-02-09,0.004982113681997191,0.003724688964735101
2022-02-10,-0.017603393781389087,-0.0710179054157214
2022-02-11,-0.026921126055171385,-0.09703228187092972
2022-02-12,-0.0038621218328671603,-0.004822435169223205
2022-02-13,-0.0011120802095430093,-0.028274987435905174
2022-02-14,0.009185768314631915,0.03363048861616491
2022-02-15,0.04563060448723988,0.08390171377433564
2022-02-16,-0.013855295049898686,-0.028438266187178485
2022-02-17,-0.08108233071910398,-0.08731181124143284
2022-02-18,-0.012586526423760347,-0.03646619572046905
2022-02-19,0.002275138191892623,0.015765625632154112
2022-02-20,-0.043054421746525406,-0.006526821974460972
2022-02-21,-0.03592381094835417,-0.0894521659959544
2022-02-22,0.03213453434150715,0.03942078626723866
2022-02-23,-0.02618363461542117,-0.01823725463334913
2022-02-24,0.027399579951550734,0.04931524722820413
2022-02-25,0.022738450595305437,0.03745427881360719
2022-02-26,-0.0027852723260775036,-0.026895075483624353
2022-02-27,-0.03633451792442699,-0.05264219627895628
2022-02-28,0.13576425730332176,0.15162295656521607
2022-03-01,0.02653338033252517,-0.008747834903773288
2022-03-02,-0.00975371593540686,0.020031241981906867
2022-03-03,-0.03409447865241333,-0.052108896098258306
2022-03-04,-0.08128527556523579,-0.07940849814336026
2022-03-05,0.0066969062286332814,0.01576099837672551
2022-03-06,-0.025202937052357655,-0.05863851693221278
2022-03-07,-0.009360315270734887,-0.028946455625964873
2022-03-08,0.017584738215960627,0.001517108977378001
2022-03-09,0.0804608330138592,0.06980910059442458
2022-03-10,-0.06254685680053029,-0.06152392416489061
2022-03-11,-0.016425482290646443,-0.026810465554918395
2022-03-12,0.002806706804667769,0.00996716258777397
2022-03-13,-0.027475269974985395,-0.03262481660114602
2022-03-14,0.04689129940953407,0.027948540013447598
2022-03-15,-0.008302471898177899,0.021712459631632264
2022-03-16,0.04486546767419952,0.057941723600299255
2022-03-17,-0.0046909168777933274,-0.0003046888512407975
2022-03-18,0.020538517974936,0.021893982643979015
2022-03-19,0.009274687432013096,0.028493064772625587
2022-03-20,-0.022600322885967472,-0.04202383833488632
2022-03-21,-0.0041257618874652735,0.0016050063597710107
2022-03-22,0.030703791309973028,0.019588578999456985
2022-03-23,0.012531246090631498,0.04946403726636728
2022-03-24,0.02459372596578646,0.07220629664191058
2022-03-25,0.008782716407665703,-0.035503111411831156
2022-03-26,0.003423715485570966,0.030997828181575038
2022-03-27,0.05081317579238309,0.05095743022994359
2022-03-28,0.006546412763370313,-0.005796941224557095
2022-03-29,0.007140599739189568,0.048090324822902986
2022-03-30,-0.008527995234731023,0.07739484823266807
2022-03-31,-0.03291800954258228,0.01612434232349269
2022-04-01,0.016183454010016973,0.09162239031892128
2022-04-02,-0.008957035540669622,-0.01674323734398353
2022-04-03,0.012664841243047675,0.0340322866017031
2022-04-04,0.0036337857461319345,-0.03241663175881282
2022-04-05,-0.023144860605896156,-0.042821275950561066
2022-04-06,-0.052945705100574614,-0.11674644988503058
2022-04-07,0.006852924231532498,0.05105679134621521
2022-04-08,-0.028353972258937432,-0.07874353587082172
2022-04-09,0.011625235289933755,0.028478477386302714
2022-04-10,-0.013518646577317384,-0.010950451271305894
2022-04-11,-0.06574699455484989,-0.11765728658892982
2022-04-12,0.015198991801760542,0.039159934715886635
2022-04-13,0.025576417495491555,0.01627965672266285
2022-04-14,-0.030364373354540675,-0.04175560593455696
2022-04-15,0.015355179227128701,0.0059596424687571314
2022-04-16,-0.0031855728397047756,0.009309433199379491
2022-04-17,-0.017657522881942,-0.01823354718732695
2022-04-18,0.027546268364385895,0.017267033004064736
2022-04-19,0.016435294339235185,0.06098010164123657
2022-04-20,-0.003097867846211244,-0.028823403593333907
2022-04-21,-0.02068443970831879,-0.03590685325596077
2022-04-22,-0.019611085251920457,-0.011503618055823672
2022-04-23,-0.00640161932757799,0.0013149342468716796
2022-04-24,-0.0004417015833446669,-0.015088218548275023
2022-04-25,0.02474905007609607,0.020070570079465888
2022-04-26,-0.05959955698854813,-0.05549300183860684
2022-04-27,0.029052734994520435,0.026749681203164677
2022-04-28,0.01348390672152533,-0.001965137024633634
2022-04-29,-0.029702353660828962,-0.04344542340400004
2022-04-30,-0.023452178557919368,-0.09963623358398443
2022-05-01,0.01980058020040154,0.052373858908831394
2022-05-02,0.0015645616058179712,-0.02358882254090755
2022-05-03,-0.020422241840901023,-0.020051482697751588
2022-05-04,0.0503126775329914,0.0776197007030861
2022-05-05,-0.08194136472907587,-0.09224522363959409
2022-05-06,-0.014713780107637575,-0.034048908135889455
2022-05-07,-0.015067299056939376,-0.03460038072254168
2022-05-08,-0.04148559878699665,-0.04881837027375635
2022-05-09,-0.1170549632581519,-0.17301379975875353
2022-05-10,0.02367869238648268,0.05379043319811849
2022-05-11,-0.06962706368651972,-0.284965102911531
2022-05-12,0.0038423156405116288,-0.11662481538640712
2022-05-13,0.00806958299328464,0.08388452103643473
2022-05-14,0.027556540350856196,0.07574441676040466
2022-05-15,0.039214229608877105,0.11509808049685777
2022-05-16,-0.047163938825930174,-0.09191782557828398
2022-05-17,0.01867531097186692,0.06283728936772581
2022-05-18,-0.0576896230339532,-0.138117514247579
2022-05-19,0.05401747251089617,0.04821494674233717
2022-05-20,-0.03742660999960279,-0.052599899089134095
2022-05-21,0.007896156156526501,0.015612168520645842
2022-05-22,0.029840116535785555,0.04729947070577012
2022-05-23,-0.041229610336666056,-0.07268213488072384
2022-05-24,0.018949781767068075,0.01208573142301228
2022-05-25,-0.0031485281301595336,-0.03423075753149618
2022-05-26,-0.010033699544871766,-0.09827594213424451
2022-05-27,-0.02209788902256271,-0.059441879523542074
2022-05-28,0.006522241153914976,0.07884153558869533
2022-05-29,0.02166399017895948,0.012693378299356795
2022-05-30,0.07459222816391886,0.04930637104607083
2022-05-31,0.002075607477006969,-0.03037658535052401
2022-06-01,-0.06474693067083415,-0.12798314546723955
2022-06-02,0.022182633910983185,0.015319906015893725
2022-06-03,-0.025365289710190808,-0.06653387067539063
2022-06-04,0.004317415368904065,0.01741772626153315
2022-06-05,0.0024689858570869916,-0.01164981381994945
2022-06-06,0.04779217112896639,0.09777698358974618
2022-06-07,-0.0068833346588697,-0.07321049810579972
2022-06-08,-0.03067294698343126,-0.015181610083080166
2022-06-09,-0.0033934595457960626,0.02865701793944142
2022-06-10,-0.03474221923779908,-0.0748532642207067
2022-06-11,-0.025173197410301995,-0.09225573918165253
2022-06-12,-0.058001081518820996,-0.09541424563944867
2022-06-13,-0.17405255177667023,-0.08662005271739881
2022-06-14,-0.012556416941055915,0.0525880520339177
2022-06-15,0.016349175083862022,0.14897061196008732
2022-06-16,-0.10211240133010335,-0.13975434905529704
2022-06-17,0.00439781088256197,0.024804322137426116
2022-06-18,-0.07366571122488885,0.03405608813227046
2022-06-19,0.077653019524071,0.07378819003464976
2022-06-20,0.0022484805325770907,0.03369115745863027
2022-06-21,0.005376928208097098,0.019683647518045966
2022-06-22,-0.03556200532463194,-0.05694715105036385
2022-06-23,0.0535199496525518,0.11225527323053353
2022-06-24,0.006889809613761955,0.10051874128007965
2022-06-25,0.012668381046625043,0.002856844685102722
2022-06-26,-0.02234031636729661,-0.07159142080386394
2022-06-27,-0.013975180844797208,-0.02457983501908645
2022-06-28,-0.022179692795420536,-0.08475959572403502
2022-06-29,-0.008746512259888206,-0.04198681433162621
2022-06-30,-0.016009711756280964,-0.008463569731922416
2022-07-01,-0.026393611667963057,-0.023659166322043124
2022-07-02,-0.001407955856373988,0.01681776081172348
2022-07-03,0.002844903976512825,0.0007947698097900968
2022-07-04,0.047275427183008034,0.09695633757942002
2022-07-05,-0.002035878126305235,-0.03850477143943998
2022-07-06,0.017582449257883326,0.04631791039052002
2022-07-07,0.05165639338861894,0.038229510009700984
2022-07-08,0.004313222712422515,-0.006030520843894216
2022-07-09,-0.00641274116384416,-0.005625041996279112
2022-07-10,-0.03447747972502668,-0.03676646332584088
2022-07-11,-0.04359596339476646,-0.09225331598373687
2022-07-12,-0.032915621389021155,-0.021323440174877195
2022-07-13,0.0449367599448216,0.06366535188753542
2022-07-14,0.017549651263241373,0.06102759686076631
2022-07-15,0.012868197042893215,0.008268698849766665
2022-07-16,0.016846296291969765,0.056078961643649006
2022-07-17,-0.01958489970974675,-0.023765248278677653
2022-07-18,0.07891967823012891,0.12399359906160345
2022-07-19,0.03940528200341831,0.026031219536505557
2022-07-20,-0.0067652436363694335,-0.06453765454507598
2022-07-21,-0.0028926217700480095,0.025725363058580086
2022-07-22,-0.019601945764883055,-0.06139901781354462
2022-07-23,-0.011044710597188256,-0.014320349066037519
2022-07-24,0.006375470790258575,0.02382927657476097
2022-07-25,-0.05675565978203245,-0.11062902103322347
2022-07-26,-0.00572504382684258,-0.0142972115986022
2022-07-27,0.07659542154936183,0.10773982555844608
2022-07-28,0.03905783089201442,0.06104897684212007
2022-07-29,-0.0016476446914399645,-0.021665246625795387
2022-07-30,-0.006254683466181632,0.042696263453521954
2022-07-31,-0.013589886059607537,-0.0314730632727489
2022-08-01,-0.0009730647082903943,-0.014580234258141811
2022-08-02,-0.014520247082613125,-0.049849760354506056
2022-08-03,-0.0057440617075421585,-0.03091187272018736
2022-08-04,-0.009479525568520941,0.0073991819086596244
2022-08-05,0.02867589908816015,0.0435973053512404
2022-08-06,-0.014185359813053466,-0.012504176092535513
2022-08-07,0.009303252730044065,0.013602151640845772
2022-08-08,0.026971545344579795,0.03781637888797329
2022-08-09,-0.02747099349637594,-0.0435702232165629
2022-08-10,0.033256795053882016,0.04819111122547426
2022-08-11,0.00041276206736817755,0.010704027918697623
2022-08-12,0.018415982056897207,0.05702698290019104
2022-08-13,0.0008704221288589054,0.025063120963579433
2022-08-14,-0.004297383077330963,-0.034330419448779015
2022-08-15,-0.00752687118445472,-0.02464285633734864
2022-08-16,-0.010565706274135778,-0.01527741299232499
2022-08-17,-0.023181944883864603,-0.06598111352158575
2022-08-18,-0.005295957030778453,-0.021460256441292014
2022-08-19,-0.10602664190168731,-0.09697918624802959
2022-08-20,0.013724431302662765,-0.017440729542546052
2022-08-21,0.017239723512556537,0.03519623111697978
2022-08-22,-0.006298802571624407,-0.029410657626653514
2022-08-23,0.006018593854664189,0.0048332393746628455
2022-08-24,-0.006200333278529868,-0.019499053616117035
2022-08-25,0.009577016652956516,0.010204297022284425
2022-08-26,-0.06408571655966355,-0.10720129115978061
2022-08-27,-0.01083244981392717,-0.00581423943574233
2022-08-28,-0.02142993430725504,-0.037144875779306474
2022-08-29,0.03413499162998335,0.065982919657261
2022-08-30,-0.025001327783567007,-0.03297998847214911
2022-08-31,0.012696624168793136,0.001936860689545128
2022-09-01,0.0038518173635360142,0.0035751652110533882
2022-09-02,-0.0078494796911599,-0.011390904304470428
2022-09-03,-0.006918477935498046,-0.003800173457442213
2022-09-04,0.007766470822270222,0.0315600040613484
2022-09-05,-0.00876115199617189,0.0027275311339702846
2022-09-06,-0.05044806467236107,-0.041311328764919164
2022-09-07,0.023745153749135994,0.05721999714833581
2022-09-08,0.0020460703035372063,0.027074447977035287
2022-09-09,0.10086009766789061,0.033101634083115616
2022-09-10,0.013905238413398635,0.011077322753097363
2022-09-11,0.004083651963044943,-0.004587265365173732
2022-09-12,0.027242163871664005,0.06794203839470825
2022-09-13,-0.09728219892342338,-0.11283896804791604
2022-09-14,-0.0027439686753734094,0.01957206387814514
2022-09-15,-0.027034586241262204,-0.03109871308011991
2022-09-16,0.0036162281734331003,-0.025709956500457487
2022-09-17,0.017794492715736965,0.046761951678627955
2022-09-18,-0.0358128060475007,-0.08308734131074758
2022-09-19,0.006396912022912815,0.05100938573480285
2022-09-20,-0.034000477547087016,-0.039065930504748714
2022-09-21,-0.01834481351522399,-0.019488840933337137
2022-09-22,0.04564167754912951,0.05006248385374068
2022-09-23,-0.0059885762967120115,0.038371063876860845
2022-09-24,-0.018864440709329244,-0.006374395091250484
2022-09-25,-0.007149858037086787,-0.034268486328046244
2022-09-26,0.022121968157295058,0.04667981328450255
2022-09-27,-0.0058500341701694936,-0.033934304990367536
2022-09-28,0.016409099157190354,0.014709833045611465
2022-09-29,0.007504185755092152,0.0213442550016687
2022-09-30,-0.007243323491751497,-0.022036376248795175
2022-10-01,-0.00617871650655033,-0.02262669054829436
2022-10-02,-0.013973887936277407,-0.012822979028473735
2022-10-03,0.02997417630734489,0.028050928821017784
2022-10-04,0.035702295702778386,0.03443024322768151
2022-10-05,-0.008698206075026249,-0.0014249385636060374
2022-10-06,-0.010234041758595325,-0.021688764824817852
2022-10-07,-0.02068782806747471,-0.010290483565955189
2022-10-08,-0.006687387417162682,-0.012916753521009738
2022-10-09,0.0015365479891418232,0.010259354640518747
2022-10-10,-0.01580535214708867,-0.02907047821974107
2022-10-11,-0.00471640371270432,-0.0380606770886085
2022-10-12,0.0055498963744717855,0.012547849231963504
2022-10-13,0.011700026522296625,-0.020125972113647084
2022-10-14,-0.010228526229370871,-0.01774066555479159
2022-10-15,-0.0061705466755910265,-0.014503433938457988
2022-10-16,0.010458171486817491,0.01986844405419319
2022-10-17,0.01456349413146718,0.03440548058281312
2022-10-18,-0.011127327349329974,-0.034554949673812896
2022-10-19,-0.010130621895941161,-0.04279091329324647
2022-10-20,-0.004492679159129764,-0.028630177827121184
2022-10-21,0.0062119106533931046,0.0008392585569363398
2022-10-22,0.001861391394053058,-0.0033788346554417537
2022-10-23,0.018508150954172464,0.04386604653971338
2022-10-24,-0.011381303255268094,-0.03334815644469247
2022-10-25,0.038050125599863094,0.08883169003727609
2022-10-26,0.03301719435894768,0.011080782371110764
2022-10-27,-0.0236079843216217,-0.02112952537375623
2022-10-28,0.015142492579418132,0.047206531441315036
2022-10-29,0.010775490653264441,0.022961862618126716
2022-10-30,-0.008822978719624786,0.0033059203270293658
2022-10-31,-0.006799218852899358,-0.010823805982663526
2022-11-01,-0.0005124320157943174,-0.01118163613340295
2022-11-02,-0.01603042401585597,-0.046341705086589524
2022-11-03,0.002501116490787325,0.0018108565014038902
2022-11-04,0.04533199824767209,0.0909558290443826
2022-11-05,0.006385182519711208,0.08467286989324174
2022-11-06,-0.016878487268053632,-0.11769415895082336
2022-11-07,-0.01558785986522615,-0.09905308007805402
2022-11-08,-0.10542864681146114,-0.20341381665269376
2022-11-09,-0.15488954817014822,-0.5495821084962169
2022-11-10,0.10203740901128455,0.23768981156082836
2022-11-11,-0.03191845360130152,-0.07970906683166312
2022-11-12,-0.013898139747380966,-0.1159698264682727
2022-11-13,-0.02689670498469887,-0.09930879071615584
2022-11-14,0.01606473240459927,0.06162818700090966
2022-11-15,0.01590431717951546,0.02119585454550421
2022-11-16,-0.012825680370736947,-0.0011044377959876783
2022-11-17,0.0010839194206493374,-0.046331714937886126
2022-11-18,0.000614627845701321,-0.029105293694487777
2022-11-19,0.0008242927596793237,-0.030385869688604572
2022-11-20,-0.02543603029442032,-0.047665523953330347
2022-11-21,-0.031459062587073205,-0.03374934077352698
2022-11-22,0.025174715080391152,0.048557478798052056
2022-11-23,0.025667956985737206,0.1432899559048546
2022-11-24,-0.00037586363225727837,0.015956644021296373
2022-11-25,-0.00498837489510251,-0.036254895011015975
2022-11-26,-0.0034899891216237933,0.006807116818353887
2022-11-27,-0.001194466804580685,-0.003071799266846309
2022-11-28,-0.013918848240971116,-0.05170054213688102
2022-11-29,0.01394046411034644,-0.002598342367697626
2022-11-30,0.04305976658394428,0.05427611621191808
2022-12-01,-0.011802068595368809,-0.04599064940529596
2022-12-02,0.0071369860458059264,0.01725784424368504
2022-12-03,-0.010614234867796668,-0.030587976641266668
2022-12-04,0.01305884246336575,0.03077597318752323
2022-12-05,-0.009128269217153928,0.008195820612844074
2022-12-06,0.006733035250819697,0.0325592250474509
2022-12-07,-0.014224977832437702,-0.05533540640807333
2022-12-08,0.02261420008103876,0.012464404116745431
2022-12-09,-0.00583837050588798,-0.007996881399299216
2022-12-10,-0.00025846420531472347,-0.00023507208944639757
2022-12-11,-0.0014331967973895132,-0.011048970650357592
2022-12-12,0.005959927912305929,-0.008170529328140663
2022-12-13,0.03286478873072873,0.037970959641402846
2022-12-14,0.001928930642170812,0.021916507742608893
2022-12-15,-0.025628381021023827,-0.008452190369583779
2022-12-16,-0.04218980898150093,-0.13371201814553402
2022-12-17,0.008827572352892332,0.019200269879943832
2022-12-18,-0.0022123311713588834,-0.0073269081912092915
2022-12-19,-0.01917645189485384,-0.03947521192696968
2022-12-20,0.027988705082472976,0.028735049336544805
2022-12-21,-0.005264509420177532,-0.012415760905009066
2022-12-22,0.0007612154110798741,-0.027936829672744246
2022-12-23,-0.0019858084288220113,-0.0007347592986945983
2022-12-24,0.003019956154723502,-0.02943680728022713
2022-12-25,-0.00034250967397042587,-0.004938009367771112
2022-12-26,0.004609855984671896,-0.007164066091597476
2022-12-27,-0.012048246868378243,-0.019755957718838424
2022-12-28,-0.009895050300251285,-0.12775879060128847
2022-12-29,0.00540864482552017,-0.010730191942567746
2022-12-30,-0.0023916958787602027,0.023387716409914105
2022-12-31,-0.0033236656495585493,0.008150961766881792
2023-01-01,0.004677606311577875,0.0021194564755586676
2023-01-02,0.0038057006847047603,0.12160679005500796
2023-01-03,-0.0005162548994981364,0.16866267705957982
2023-01-04,0.010934153962034898,0.006801383612527356
2023-01-05,-0.001572817718438202,-0.0011754711867286716
2023-01-06,0.006820792235552986,0.0079058784276973
2023-01-07,0.00018340582830411734,-0.03258023046521119
2023-01-08,0.007993082349020852,0.08963065220405309
2023-01-09,0.006148589187306541,0.1296637548995836
2023-01-10,0.014418133870886862,-0.006507237556379497
2023-01-11,0.027621150497731506,0.0099945801717638
2023-01-12,0.050803180490186506,0.015745651705850516
2023-01-13,0.053649212803669855,0.0957201857384904
2023-01-14,0.052192440560840936,0.2821248661713813
2023-01-15,-0.0045631527773633,-0.058423713753545936
2023-01-16,0.01373771995227635,0.0303250262708743
2023-01-17,-0.00038332437933341623,-0.02985483113123255
2023-01-18,-0.022592831153300352,-0.0930564236215563
2023-01-19,0.01905533410289806,0.02725652482116825
2023-01-20,0.07268455261104734,0.17592878803019696
2023-01-21,0.004447222994452105,-0.03669221552060087
2023-01-22,-0.0025147902304318848,-0.016170760185463262
2023-01-23,0.009375442198569672,0.005145746268661711
2023-01-24,-0.013077079200906283,-0.06628166720877005
2023-01-25,0.02104318470132327,0.07501426179554471
2023-01-26,-0.003687148593844114,-0.009024559858139103
2023-01-27,0.0019930464741655385,0.0023446698942724
2023-01-28,-0.0020663143130938977,-0.017609833150491916
2023-01-29,0.03177133538504506,0.08588014029239721
2023-01-30,-0.040096914665952,-0.0873607117471975
2023-01-31,0.013012288539513861,0.0002599470993622788
2023-02-01,0.02494573459000371,0.04253546623719151
2023-02-02,-0.010674749877368939,-0.0295727396044132
2023-02-03,-0.0009611362476711349,0.016992139378692706
2023-02-04,-0.005022313742864881,-0.0148231944888213
2023-02-05,-0.016254488231275843,-0.03448516055214368
2023-02-06,-0.008555376421284677,-0.034074863346917894
2023-02-07,0.021910195714932357,0.04961396194032286
2023-02-08,-0.014063722484005226,-0.028423961462013203
2023-02-09,-0.050072947921117716,-0.12574940673404544
2023-02-10,-0.007722817724904019,-0.015870215652756592
2023-02-11,0.010095720621825066,0.03418213643312962
2023-02-12,-0.003787160762945163,0.031187893727447236
2023-02-13,0.0009128497942381131,-0.03310980713601497
2023-02-14,0.018747466050136552,0.04857703529919277
2023-02-15,0.089770007863196,0.09015070673916892
2023-02-16,-0.02855810148156479,-0.0692481510980536
2023-02-17,0.03910624942609964,0.03876188086694299
2023-02-18,0.00307582364881398,0.01337063541347483
2023-02-19,-0.012809719094438066,0.05639649240560507
2023-02-20,0.02040504474431515,0.0525632202650157
2023-02-21,-0.015946381537723653,-0.04823267915413121
2023-02-22,-0.010180396881002807,-0.03123443200174103
2023-02-23,-0.010027916762018307,-0.01166966462019392
2023-02-24,-0.03179206740644425,-0.03611449768878483
2023-02-25,-0.0009812480831641324,-0.023242722926337223
2023-02-26,0.016511545833870045,0.032012218202388976
2023-02-27,-0.0016286524916946377,-0.024528571393676923
2023-02-28,-0.0160927308751031,-0.03480373955756333
2023-03-01,0.021336804939162235,0.02656646903367621
2023-03-02,-0.00726135020948071,-0.02344623840202109
2023-03-03,-0.048562425729771874,-0.026994188739689395
2023-03-04,-0.0004173035221199939,-0.02041860259323558
2023-03-05,0.003668954675324798,0.0005600350318317737
2023-03-06,-0.0002565841781922984,-0.01651289274981016
2023-03-07,-0.009406138966042477,-0.019094622120076732
2023-03-08,-0.022837315061131847,-0.09439275304421457
2023-03-09,-0.06442451332853238,-0.06232451335121114
2023-03-10,-0.008669656883114385,0.052639339625200066
2023-03-11,0.02181222124411164,-0.0009761244641199873
2023-03-12,0.07160391184532955,0.10829899480823402
2023-03-13,0.0877836343684848,0.006046535841631506
2023-03-14,0.022416164797506966,0.023903505519788038
2023-03-15,-0.015069419825618269,-0.0814518955435104
2023-03-16,0.027387721969649448,0.022530151955530986
2023-03-17,0.09043081735478786,0.09187190725426664
2023-03-18,-0.016843655914946964,-0.020231900366968425
2023-03-19,0.03901251239696357,0.032834127214065756
2023-03-20,-0.009728058677074714,0.01238956773241462
2023-03-21,0.014607259457310562,0.01972630680616394
2023-03-22,-0.03130493478602503,-0.05161296558074957
2023-03-23,0.036902430921442075,0.03370286908387632
2023-03-24,-0.03011973318555583,-0.07173603633114034
2023-03-25,5.1715836265842086e-05,-0.011292877551560832
2023-03-26,0.018008477903471487,0.025537158005241256
2023-03-27,-0.030997440056031778,-0.051547683052271864
2023-03-28,0.004714100093913487,0.027186147273909
2023-03-29,0.03885339931269094,0.03082190109097871
2023-03-30,-0.01116959874133272,-0.026904511732777525
2023-03-31,0.015746414888454296,0.029696655671371808
2023-04-01,-0.00237123642140169,-0.009246689611836612
2023-04-02,-0.007480171844974848,-0.021134862077884176
2023-04-03,-0.014613274150395483,-0.0045839717125653046
2023-04-04,0.013505585874638015,0.02328345033369672
2023-04-05,0.000351205704706814,0.0019759824335614518
2023-04-06,-0.004761257346579839,-0.017119798001621334
2023-04-07,-0.0042266008962954515,-0.00682514738534179
2023-04-08,0.0007851839396586513,-0.021404391128340805
2023-04-09,0.013690692528907533,0.01304145337424556
2023-04-10,0.04553364675738969,0.028310082861559227
2023-04-11,0.01943948956433239,0.09740784262603563
2023-04-12,-0.0031803678161335114,0.04112891858173651
2023-04-13,0.00859013376828166,0.018464978948816047
2023-04-14,0.002845797962017116,0.013836775442413796
2023-04-15,-0.005499737167522056,-0.028387343460893444
2023-04-16,-0.00010359312238605867,0.05189331890683668
2023-04-17,-0.029128723276819812,-0.032177018106721356
2023-04-18,0.03183646099781612,0.011893890181584155
2023-04-19,-0.05319953662867327,-0.0900357889092076
2023-04-20,-0.02021112661928015,-0.023674277831502
2023-04-21,-0.03491087727171305,-0.041575885361743836
2023-04-22,0.019624756556398282,0.02497681277952646
2023-04-23,-0.008161741227379338,-0.015528116066396702
2023-04-24,-0.0023965485595702773,-0.00415521271118946
2023-04-25,0.02802320777395373,0.024756807623877997
2023-04-26,0.004057925868579559,-0.029821111223494956
2023-04-27,0.036313132862295205,0.048474709007507055
2023-04-28,-0.004540602889752776,0.04491034377949443
2023-04-29,-0.0031328032278832296,-0.007875155670144185
2023-04-30,0.0006944394889973893,-0.015255433676751196
2023-05-01,-0.04105285621101551,-0.03772898611054476
2023-05-02,0.02074927029112139,0.012580277565291453
2023-05-03,0.011294600825028311,-0.0021120934870686447
2023-05-04,-0.005482697825375027,-0.02219303966861208
2023-05-05,0.023524523635352068,0.049195257098026524
2023-05-06,-0.02155362050914711,-0.03803322277901877
2023-05-07,-0.015678412319992674,-0.005935114233112326
2023-05-08,-0.027097480312589184,-0.05586009392299651
2023-05-09,-0.0012826051136460848,0.0012666413284865286
2023-05-10,-0.0013393336115541388,0.012972442159227882
2023-05-11,-0.022737627872803756,-0.03490787543025986
2023-05-12,-0.0072780171559241325,0.03290546760828139
2023-05-13,-0.0007804618022575482,-0.002059982895130652
2023-05-14,0.005457011385946231,0.004047462215075903
2023-05-15,0.00968368817972376,0.0025638857811274285
2023-05-16,-0.005754943306691018,-0.015725677199792454
2023-05-17,0.013305949198469946,0.01863523488329566
2023-05-18,-0.020896322938492418,-0.034757441322516236
2023-05-19,0.002156270430170082,5.773799231789667e-05
2023-05-20,0.008865600285433928,-0.0031708658253797317
2023-05-21,-0.013947366814537787,-0.03389271332045407
2023-05-22,0.0036358955711435215,-0.003442649407746412
2023-05-23,0.013848962643425722,0.025320736049058823
2023-05-24,-0.033270400187896954,-0.04174707937905575
2023-05-25,0.005354526205138654,0.0019227963481389665
2023-05-26,0.009139332662057242,0.005503569911241346
2023-05-27,0.005563330344848794,0.05320273790179897
2023-05-28,0.044309499753600434,0.018113542156996676
2023-05-29,-0.01217111210733357,-0.01024863903234463
2023-05-30,-0.0015702994220330169,0.03191305532642108
2023-05-31,-0.017577792723265873,-0.020418728314349543
2023-06-01,-0.014792581991187603,-0.015597232143422346
2023-06-02,0.01589161106579695,0.03618115877262218
2023-06-03,-0.006422915434420418,-0.0048112423809612
2023-06-04,0.0016214839753008192,0.03087702078352006
2023-06-05,-0.05141034569889236,-0.08330178143179445
2023-06-06,0.0558151185623359,0.015982305710278588
2023-06-07,-0.03332542412080919,-0.09045748915258534
2023-06-08,0.006138366063705547,0.014660076729281712
2023-06-09,-0.0010508601377399174,-0.0843602948536164
2023-06-10,-0.024045314677472618,-0.1044421458509519
2023-06-11,0.003434076224344551,-0.006235849655425785
2023-06-12,-0.0014531650030544796,-0.023546038718376572
2023-06-13,0.000626326955973866,-0.011816458237325023
2023-06-14,-0.03111535403261989,-0.036040179419270846
2023-06-15,0.017819375410116578,0.01866293383043116
2023-06-16,0.028942773265370647,0.036507072301262156
2023-06-17,0.006934900793206467,0.022112049092346986
2023-06-18,-0.006602603438313537,-0.013656982038870336
2023-06-19,0.019359247201741425,0.040296210513312225
2023-06-20,0.05352849528514092,0.03437934341553017
2023-06-21,0.058274213206820136,0.03669771227534113
2023-06-22,-0.0038377235796946962,-0.03625362898993334
2023-06-23,0.025845905768154154,0.030004134248464265
2023-06-24,-0.004793067902493675,-0.029388887874449043
2023-06-25,-0.0022426607224286244,0.018946283186713764
2023-06-26,-0.006884835938176792,-0.04220381909110138
2023-06-27,0.013682563415242655,0.021261132847165243
2023-06-28,-0.019808917913037405,-0.03881964516470182
2023-06-29,0.01186519753773041,0.11696305775103566
2023-06-30,0.0010472432791654995,0.050291067052050664
2023-07-01,0.0036951443630783842,-0.011357865956291402
2023-07-02,0.0010028094691438838,0.040369508036942836
2023-07-03,0.01734242631795979,-0.011012456272936788
2023-07-04,-0.012234379050443778,-0.005070337318020091
2023-07-05,-0.008595533521292609,-0.007885689850550381
2023-07-06,-0.020020299639947226,0.03804580607558705
2023-07-07,0.014370909980298663,0.0852302531686302
2023-07-08,-0.0016401345457062178,0.017285584023020828
2023-07-09,-0.004012544787340033,-0.02361988253969649
2023-07-10,0.008029538805166325,-0.0016514974704455732
2023-07-11,0.006765948365584862,0.035904188286273175
2023-07-12,-0.0075166695389672356,-0.0052339691969063296
2023-07-13,0.03505911799946482,0.16906050593420696
2023-07-14,-0.036955452769761976,0.02691606574237282
2023-07-15,-0.0012621409438580145,0.024227055698369693
2023-07-16,-0.001541791528486769,-0.0002655467707501913
2023-07-17,-0.0034189652941130078,-0.01884854885240106
2023-07-18,-0.009643886494909992,-0.05069118345878554
2023-07-19,0.0019193869502824867,0.031894019043147814
2023-07-20,-0.0040836263076453605,-0.03854515941899006
2023-07-21,0.003910458253166382,0.006641881541775696
2023-07-22,-0.004589155219131058,-0.040310093491594756
2023-07-23,0.010449658783391769,0.009401819724530469
2023-07-24,-0.030633538164858365,-0.05755994581090684
2023-07-25,0.001728455480240143,-0.004379229376369587
2023-07-26,0.0043556533334641045,0.07836751779510687
2023-07-27,-0.0049272385842940025,-0.0030915858985265388
2023-07-28,0.0037094442045351173,-0.010110147946895243
2023-07-29,0.0012840607690716155,0.012880773908785947
2023-07-30,-0.002783773787438548,-0.03674114668086448
2023-07-31,-0.001545062822442489,-0.02251198506863039
2023-08-01,0.015130233826088357,0.01164294306297986
2023-08-02,-0.017807507516909737,-0.03619190949470985
2023-08-03,0.0009161807791748799,-0.02226620832518522
2023-08-04,-0.0035908335462959684,0.006936899280743258
2023-08-05,-0.001100031889921027,-0.007106784998456739
2023-08-06,-9.347994529562698e-06,0.024161671419184128
2023-08-07,0.0047652738023771235,-0.005056369252997683
2023-08-08,0.01984638697905261,0.048359452847123396
2023-08-09,-0.006877101417060771,0.006864085815850629
2023-08-10,-0.004471948989328567,0.009574195261575547
2023-08-11,-0.0010837469218056839,-0.0012273956621506876
2023-08-12,0.0006206039371345895,0.013088583609739413
2023-08-13,-0.00453334072444278,-0.02701487765630528
2023-08-14,0.004277614074716496,0.03644926222788225
2023-08-15,-0.00812912011875433,-0.050836877683398285
2023-08-16,-0.016193584838703146,-0.0464499427533096
2023-08-17,-0.07362412009606345,-0.04951383878872395
2023-08-18,-0.02333424865381062,-0.0173997715373595
2023-08-19,0.0017891559507905441,0.025156974904128493
2023-08-20,0.003571869420106566,-0.0048456854084251155
2023-08-21,-0.0025019588646060242,-0.026292608800666972
2023-08-22,-0.0035464695192519713,-0.03169809272986113
2023-08-23,0.015248455549160767,0.05478666860968051
2023-08-24,-0.010239565761125391,-0.03138515582244006
2023-08-25,-0.004393992436940053,-0.030916190250439346
2023-08-26,-0.0015062619864458782,-0.005521846935671704
2023-08-27,0.0031183650409936092,0.02466393189664906
2023-08-28,0.0006305878251211539,-0.011113629064743336
2023-08-29,0.06024989257085167,0.05782078332161378
2023-08-30,-0.015634289371323717,-0.04439753412486258
2023-08-31,-0.05132914544958922,-0.05423126451527471
2023-09-01,-0.005054814300672561,-0.020851596543161932
2023-09-02,0.0026349868784762975,0.008546805679805036
2023-09-03,0.003887765541687571,0.004351042473480504
2023-09-04,-0.006069712504034541,-0.004060487588896322
2023-09-05,-0.001257301424429258,0.03887545437099149
2023-09-06,-0.0010380138015939622,-0.03270864240026583
2023-09-07,0.018732105501950258,0.013691231188174946
2023-09-08,-0.012831149860508262,-0.014761355971203205
2023-09-09,-0.0003851855630792045,-0.007835753700160986
2023-09-10,-0.0024532679048565598,-0.06354406468031959
2023-09-11,-0.02626188106748195,-0.028326033945990314
2023-09-12,0.026305127952918284,0.010690646219374766
2023-09-13,0.015173852958685785,0.026048063931924492
2023-09-14,0.011800835130971521,0.02337868452810632
2023-09-15,0.00259724140931894,0.017393891619847057
2023-09-16,-0.0015199103541192471,-0.0014865777852817175
2023-09-17,-0.0012840741866497751,-0.01626184736871039
2023-09-18,0.008260511389751812,0.04290816584130264
2023-09-19,0.016931102662432806,0.01909403982577773
2023-09-20,-0.0029114788993922502,0.013324031479672538
2023-09-21,-0.02102046771669741,-0.041523486449215774
2023-09-22,0.0004491505408559249,-0.0021032334577735234
2023-09-23,-6.6869020169946225e-06,0.0018379388266516195
2023-09-24,-0.012210127075315214,-0.005128341755167298
2023-09-25,0.0015851607862167327,0.0015395162350086977
2023-09-26,-0.0030935695955243148,-0.019822618928535096
2023-09-27,0.00515378285278878,0.0055950852548867225
2023-09-28,0.025063206234960944,0.042351929222820495
2023-09-29,-0.004072674570299029,0.017042304257018692
2023-09-30,0.0020859581206860156,0.05251096621839979
2023-10-01,0.03697612085638191,0.10805333051952637
2023-10-02,-0.01631914578851479,-0.019691565242349274
2023-10-03,-0.003668317065944393,0.007714321427791493
2023-10-04,0.01337771930248266,-0.01747065799163172
2023-10-05,-0.013890662255843012,-0.01966276190830385
2023-10-06,0.019171883788155597,0.03167370558399707
2023-10-07,0.0007955652201818708,-0.0058722739085079745
2023-10-08,-0.0012074286830614511,-0.001756850402129917
2023-10-09,-0.012659387727927296,-0.04974168903374432
2023-10-10,-0.007009006012591357,-0.0006006247868537429
2023-10-11,-0.019081220842270596,-0.004429419574141669
2023-10-12,-0.00434538164717857,-0.03265998749030752
2023-10-13,0.003938005783231446,0.024790725902043675
2023-10-14,-2.4866641728849004e-05,0.008064593164234246
2023-10-15,0.01103076031587058,-0.0040830247447445345
2023-10-16,0.048854397304765484,0.08985153086363384
2023-10-17,-0.0036433994327751407,-0.000986172657738038
2023-10-18,-0.003080719749686267,-0.022248797659967234
2023-10-19,0.013724231161472034,0.062281003447821615
2023-10-20,0.032985768982552344,0.0806937617387713
2023-10-21,0.00790129991607813,0.08344286534250323
2023-10-22,0.002519829955234698,-0.011966216654655248
2023-10-23,0.09812340552916154,0.09250836269192542
2023-10-24,0.02434275178777412,-0.05483239598615963
2023-10-25,0.017581001125126505,0.07386711707718252
2023-10-26,-0.010083818433932024,0.009578075008744857
2023-10-27,-0.007253169256571823,-0.032112877297794995
2023-10-28,0.005287514961398898,-0.002725223145493061
2023-10-29,0.013082482218138125,0.03627458510317849
2023-10-30,-0.0010462557765205105,0.06315383538421182
2023-10-31,0.004782938801692893,0.09689361121572926
2023-11-01,0.021952875620689483,0.07360132619583526
2023-11-02,-0.014181643038138958,-0.030711083391287808
2023-11-03,-0.005911206955145687,-0.017254461203328297
2023-11-04,0.010022958693683748,0.06908723117162197
2023-11-05,-0.0009365213169942876,-0.026513282696089213
2023-11-06,-0.00034198701250787167,0.021351847015382397
2023-11-07,0.011526405303600384,0.02262340318630729
2023-11-08,0.0059555252934746505,0.0022563917877787
2023-11-09,0.02869223982446556,0.05089262571707742
2023-11-10,0.016778346050335458,0.22028444017188242
2023-11-11,-0.004725682318408531,-0.009600212750517478
2023-11-12,-0.002251742592081385,0.0009164237715912904
2023-11-13,-0.015013537055029502,-0.07864503067053619
2023-11-14,-0.02678435783979438,0.09075707538198419
2023-11-15,0.0638461992762771,0.14236349455001207
2023-11-16,-0.046629756190665006,-0.12435185515660141
2023-11-17,0.012148746966680335,0.009365366240563056
2023-11-18,-0.0003000850156649193,0.0016555450941337924
2023-11-19,0.021653391391504684,0.048060653124677444
2023-11-20,0.0024153344549944222,-0.08246565412689222
2023-11-21,-0.04539262192194826,-0.08358645000921783
2023-11-22,0.044201389467836805,0.10207109043116613
2023-11-23,-0.0038199994154339834,-0.01732606795289726
2023-11-24,0.01148288092363181,0.004707519668421867
2023-11-25,0.002026342935600667,0.0342268136962236
2023-11-26,-0.00844024984109204,-0.020668555075671335
2023-11-27,-0.0060201767439203024,-0.04575619358907623
2023-11-28,0.015367313611232447,0.05528119699479017
2023-11-29,0.0007241750284947557,0.01797934973863846
2023-11-30,-0.003857188998471983,-0.0001435842533945575
2023-12-01,0.02555073011462916,0.009448114069192215
2023-12-02,0.02015244313871989,0.06519559087812343
2023-12-03,0.012637770520489866,-0.012499174269882118
2023-12-04,0.04885656688656326,-0.02429906771548218
2023-12-05,0.048825234559730646,-0.00868072347111859
2023-12-06,-0.007610515703399656,0.014778839673986077
2023-12-07,-0.010427160036986294,0.09155203394876033
2023-12-08,0.019985683234800433,0.10040056547026133
2023-12-09,-0.010026349184727223,-0.037282961552255856
2023-12-10,0.0012276882664217226,0.03332129365476533
2023-12-11,-0.0596686466968368,-0.059832044451520794
2023-12-12,0.004991678164291358,-0.026299414405087873
2023-12-13,0.034162749571038376,0.031976433957177974
2023-12-14,0.003101461159202401,0.06632130252582868
2023-12-15,-0.0257616788095838,-0.04394730749864717
2023-12-16,0.0073746285491580466,0.015146973757467208
2023-12-17,-0.02094342240847169,-0.034237655315242144
2023-12-18,0.029979669511789098,0.04605829498719949
2023-12-19,-0.008316570718614358,-0.01842619863365247
2023-12-20,0.03216473724475044,0.11872933439492339
2023-12-21,0.004956565640048538,0.13270042686572658
2023-12-22,0.0029305657871940838,0.04325611617300762
2023-12-23,-0.005889392398977122,0.09336186998541063
2023-12-24,-0.01667770259648016,0.04445475615748151
2023-12-25,0.013783631646973049,0.07417845516280508
2023-12-26,-0.025374479539831185,-0.07247727307743901
2023-12-27,0.02146239120433968,-0.05147176303419698
2023-12-28,-0.01893848326303349,-0.04705373368608079
2023-12-29,-0.012474379352008569,0.04037614324075012
2023-12-30,0.0013648832366826014,-0.04292072689461257
2023-12-31,0.0025653289520555234,-0.003336736844142152
2024-01-01,0.0440216648373255,0.0758876872389811
2024-01-02,0.0177426040136055,-0.026815064279974266
2024-01-03,-0.04806495357875562,-0.07817393525338101
2024-01-04,0.03060735771828682,0.06368369382201244
2024-01-05,-0.0003900828451524063,-0.0497404640408492
2024-01-06,-0.003936304127510226,-0.06317805391587594
2024-01-07,-0.0010484808007760194,-0.05004346108202018
2024-01-08,0.06662426635587337,0.09109030540212792
2024-01-09,-0.017845417106437722,0.016417680398136625
2024-01-10,0.010522032751948629,0.026051949451391998
2024-01-11,-0.005574241147522585,-0.021032320032554175
2024-01-12,-0.07884262883299442,-0.08551379671385462
2024-01-13,-0.00025170866418555704,0.04278187237517006
2024-01-14,-0.02472077535535888,-0.01682207309121253
2024-01-15,0.016978564046420175,0.003786239354339749
2024-01-16,0.015011364505806313,0.032656815149488594
2024-01-17,-0.009599712825862028,0.044442911367419846
2024-01-18,-0.03525390600437994,-0.0796351901495802
2024-01-19,0.008599127738074586,-0.009217689436721521
2024-01-20,0.001132983453546288,-0.008779874388666009
2024-01-21,-0.0028794349245568895,-0.018770818588535576
2024-01-22,-0.05030891028125595,-0.08287622830860286
2024-01-23,0.008523584257922323,0.00776306066044441
2024-01-24,0.005793705727986875,0.051541307542001036
2024-01-25,-0.0035811572894939303,-0.020986802467929166
2024-01-26,0.04607657449481728,0.061951497017204815
2024-01-27,0.007224112855396925,0.018444216279862147
2024-01-28,-0.002007256017307668,0.01867233467450813
2024-01-29,0.029364415736914395,0.057013439487059614
2024-01-30,-0.007783744989936281,-0.0009228638350249341
2024-01-31,-0.008651552809046947,-0.04478561544531168
2024-02-01,0.011514890294240132,0.008395008507082302
2024-02-02,0.0025523745302447054,0.026163807309477427
2024-02-03,-0.004493245492151132,-0.02582366922323409
2024-02-04,-0.00955108622874512,-0.02485710086610826
2024-02-05,0.001761707531647616,0.0007506956748217775
2024-02-06,0.009936804708699398,0.013642099965429644
2024-02-07,0.028228646210280317,0.04163758366924952
2024-02-08,0.021945671282114887,0.01773029134160975
2024-02-09,0.039932995408412,0.039559972431280066
2024-02-10,0.013149960695063356,0.02034770286467502
2024-02-11,0.010881064258583706,-0.015106313243218317
2024-02-12,0.033881478531652576,0.04098716912808342
2024-02-13,-0.0043285887601172135,0.005223773747609073
2024-02-14,0.04104684951040838,0.03831364301316764
2024-02-15,0.002156009229107525,-0.02841336522929705
2024-02-16,0.004258432609761442,-0.029032260985627723
2024-02-17,-0.009578029497786744,-0.013324713018694645
2024-02-18,0.008855834280712571,0.028856021376372887
2024-02-19,-0.006610163694045212,-0.006164253643964557
2024-02-20,0.00971967933731932,-0.027514873997906086
2024-02-21,-0.008560904315229934,-0.0312259038969529
2024-02-22,-0.010358547640015203,-0.03342199277690305
2024-02-23,-0.011231806115512555,-0.017013180284385143
2024-02-24,0.016405594130217693,0.04095689150892046
2024-02-25,0.003139013368237187,-0.00655178996704997
2024-02-26,0.05251118765694507,0.06061733384158341
2024-02-27,0.04593621644047374,-0.014021324712007122
2024-02-28,0.09069529297704193,0.08540874165586398
2024-02-29,-0.021122414270019263,0.06286283475004595
2024-03-01,0.02009546578842425,0.0334708816985545
2024-03-02,-0.006600547312091365,-0.0022351391124875164
2024-03-03,0.018172204659013147,0.005771175925960215
2024-03-04,0.0785670808490071,0.02081441169470377
2024-03-05,-0.06858298181492017,-0.05785956544997983
2024-03-06,0.0354997002008659,0.039274564201784656
2024-03-07,0.012308140052516237,0.0964334683360919
2024-03-08,0.02033131223698703,0.008728260223514361
2024-03-09,0.0029062966320196892,-0.004366319848327471
2024-03-10,0.007575825657205826,-0.0006369034338709056
2024-03-11,0.043992298582747225,0.02888893574734297
2024-03-12,-0.008949836049348292,0.015108588837678738
2024-03-13,0.022166899064075096,0.08150710612317091
2024-03-14,-0.023352461458381768,0.07544956153715976
2024-03-15,-0.028308923292000188,0.03495442630707224
2024-03-16,-0.060717725206297146,-0.005944188268553141
2024-03-17,0.0460122407046093,0.1055302201513717
2024-03-18,-0.012388507554367933,-0.030801542300130436
2024-03-19,-0.08712073185700753,-0.14218347553334
2024-03-20,0.0925108529687737,0.11925269178233133
2024-03-21,-0.03631867422621404,-0.06652861546950639
2024-03-22,-0.026498446652158947,-0.027474883783342285
2024-03-23,0.004434288665400743,-0.008416977719527985
2024-03-24,0.048327093150678735,0.05988847292376942
2024-03-25,0.039725047694879834,0.02957404633521321
2024-03-26,0.00041477860656335963,0.008511838597368815
2024-03-27,-0.007637444542950789,-0.023012625988182656
2024-03-28,0.018397189971880223,0.017342503547267185
2024-03-29,-0.012118158012203395,0.013651258830139845
2024-03-30,-0.0035477570486825982,0.011161613351331034
2024-03-31,0.023952858696302926,0.04274221248603549
2024-04-01,-0.023137002333259105,-0.05213730771613978
2024-04-02,-0.06299090436988486,-0.06100015908612377
2024-04-03,0.008123743073319645,0.0222504967067243
2024-04-04,0.03759886271186197,-0.006990674819973286
2024-04-05,-0.009845630418288565,-0.05277469532880641
2024-04-06,0.015482496362563936,0.024979358300550203
2024-04-07,0.006747455363626642,0.004096958404519846
2024-04-08,0.03218579409702116,0.006297518967202542
2024-04-09,-0.03541376120378814,-0.04741087672515398
2024-04-10,0.020739301242535646,0.005920154732068639
2024-04-11,-0.007497782584511725,-0.004976647611160345
2024-04-12,-0.04174897018143575,-0.11625716206965553
2024-04-13,-0.051522049715234886,-0.09765358386193679
2024-04-14,0.02959850149495935,0.08223597727113141
2024-04-15,-0.035810999496508344,-0.08823252512562618
2024-04-16,0.006061920177229396,-0.016225913436696437
2024-04-17,-0.040539585349945284,-0.032919033637534234
2024-04-18,0.035841202086146495,0.07461952946120398
2024-04-19,0.005195142876912584,0.004200685185152153
2024-04-20,0.01786587188650479,0.05755611207114608
2024-04-21,-0.0010436624765670643,-0.01684314196505543
2024-04-22,0.029008901759276284,0.05512382737275878
2024-04-23,-0.00646039848991542,-0.014948415385725333
2024-04-24,-0.03260630131627096,-0.04600740590567387
2024-04-25,0.0031812827691908296,-0.01949934648634155
2024-04-26,-0.01132893521901579,-0.040765171869546535
2024-04-27,-0.005286917956356163,0.01558434030555933
2024-04-28,-0.004835296290155,-0.024595965455640467
2024-04-29,0.011467091787556782,-0.0005787236785925742
2024-04-30,-0.05149462971654195,-0.08174054555180721
2024-05-01,-0.04008992348065732,0.058621835340508355
2024-05-02,0.014814392549697075,0.023393222216444798
2024-05-03,0.061757206498247896,0.04232409494466616
2024-05-04,0.015801344389048566,0.016298677822655705
2024-05-05,0.002183511056964349,-0.0028921065850298078
2024-05-06,-0.0136673647637231,0.04750644928926917
2024-05-07,-0.013181929995647934,-0.031026123983474818
2024-05-08,-0.018569986258492932,-0.040218919198940384
2024-05-09,0.029977308604179242,0.07155615734904597
2024-05-10,-0.03645645463548952,-0.0443655280310864
2024-05-11,1.535686675779857e-05,-0.006191649398146204
2024-05-12,0.010711364152793834,-0.012419448596371119
2024-05-13,0.023371494237876433,0.025871316986127546
2024-05-14,-0.02167403811158053,-0.036310292347503825
2024-05-15,0.07380429766149987,0.1077357064828588
2024-05-16,-0.01575572439715245,0.005859561955234405
2024-05-17,0.02752283490504759,0.06339677933016041
2024-05-18,-0.0016578568052914022,0.0175909669591352
2024-05-19,-0.00994515955321873,-0.014288430932710483
2024-05-20,0.07510908882529854,0.09220544133029662
2024-05-21,-0.0185288571822948,-0.04610524766229229
2024-05-22,-0.014565869510185792,-0.007073002360349356
2024-05-23,-0.017406596587758116,-0.004959673119888208
2024-05-24,0.00874339466804841,-0.04764874624284765
2024-05-25,0.010738658385429645,0.0038111331081749356
2024-05-26,-0.01085552305803894,-0.030664889732650913
2024-05-27,0.012710548993759119,0.03987504144173393
2024-05-28,-0.015953999045956735,-0.007945136159536403
2024-05-29,-0.01057052909384737,-0.0034341012725391806
2024-05-30,0.011577009906272195,-0.006543215201373798
2024-05-31,-0.012860492770807141,-0.008050338622716424
2024-06-01,0.003188258104856345,0.0023695944589263718
2024-06-02,0.0006594499605228066,-0.01689032398343926
2024-06-03,0.015425138658129,0.010199291750105921
2024-06-04,0.025300225248924946,0.04086071912023037
2024-06-05,0.007272217816602478,0.009736875781426235
2024-06-06,-0.0045918902720174515,-0.020185249185842302
2024-06-07,-0.020194557079891595,-0.04517246206934722
2024-06-08,-0.0005310196389043398,-0.02832318814831236
2024-06-09,0.0049256591265880445,0.025714074840376355
2024-06-10,-0.0019504270460224404,-0.019660847109917334
2024-06-11,-0.03186737491787994,-0.0616301550833489
2024-06-12,0.013412234174300153,0.037748784497775745
2024-06-13,-0.021998155421160348,-0.05200081990815253
2024-06-14,-0.01122733440538859,-0.029064423411525375
2024-06-15,0.0027216870164856743,0.016067770942364668
2024-06-16,0.0067461931212005055,0.03853806151427719
2024-06-17,-0.002234669798733435,-0.05293115604761667
2024-06-18,-0.020505771883152946,-0.041526493212867166
2024-06-19,-0.002773987515325871,-0.013872793527332838
2024-06-20,-0.002028534277712879,-0.015881276894981866
2024-06-21,-0.011362664075990736,0.008321587431564303
2024-06-22,0.0024367818200783375,-0.006844619895849391
2024-06-23,-0.016821441362001366,-0.03874354638312205
2024-06-24,-0.04704293399341175,0.02799665287872788
2024-06-25,0.025020978589857634,0.032129255051319916
2024-06-26,-0.016203198264060248,0.0003656500990532052
2024-06-27,0.01296454786345791,0.08982714531859592
2024-06-28,-0.02107381200861269,-0.06742944430388764
2024-06-29,0.009359920064692773,0.002193297843834152
2024-06-30,0.02898927273172447,0.04525928337930285
2024-07-01,0.0027672625269055118,0.0006999245279413202
2024-07-02,-0.013180176056291515,0.04733170039230661
2024-07-03,-0.03036320250661717,-0.08815259331500869
2024-07-04,-0.05457904895434851,-0.09833834552455478
2024-07-05,-0.005549607840752202,0.05207740085162005
2024-07-06,0.02855238562508866,0.06393751640777623
2024-07-07,-0.04300921718932038,-0.08344074141187185
2024-07-08,0.015210533790654068,0.05671530308094397
2024-07-09,0.022737964112149456,0.013423768699484029
2024-07-10,-0.004608673369846272,0.004421407781146414
2024-07-11,-0.006909245978269141,-0.04385365068505376
2024-07-12,0.00962398455810387,0.026469533036642012
2024-07-13,0.022753003242582892,0.017033149081757237
2024-07-14,0.02592785026300426,0.039358527137988375
2024-07-15,0.06499862039498083,0.08010399252038702
2024-07-16,0.0034931297826741314,0.003856054293137845
2024-07-17,-0.015143242454824346,-0.03143066662518823
2024-07-18,-0.002259714160352644,0.022173096128418557
2024-07-19,0.041879420109635745,0.06163835815637242
2024-07-20,0.006774946348331312,0.027435261397600996
2024-07-21,0.014645375370143654,0.059441791855635806
2024-07-22,-0.00838776669011132,-0.030610475025518724
2024-07-23,-0.024831503546284495,-0.03537522263119719
2024-07-24,-0.008462196557577073,0.030075737807853997
2024-07-25,0.006177613679945182,-0.03468524439756493
2024-07-26,0.03193999219319821,0.06295320474670252
2024-07-27,-0.0014547988961393088,0.00516682817055969
2024-07-28,0.006504525639671854,0.004340041091488445
2024-07-29,-0.02126224566408652,-0.011453347212586173
2024-07-30,-0.009305346230673806,-0.02030202280463378
2024-07-31,-0.024183450577487164,-0.04150122179610882
2024-08-01,0.011359846111043126,-0.02447284771836422
2024-08-02,-0.06221701386487055,-0.09393979303411726
2024-08-03,-0.012039486792085441,-0.06577160119265635
2024-08-04,-0.04315788272420917,-0.03464623981168291
2024-08-05,-0.07363198582120134,-0.06116267983938517
2024-08-06,0.03713846509911711,0.1039505337188622
2024-08-07,-0.018131945621423284,0.0037526240790874965
2024-08-08,0.11461585743295721,0.11913196017165895
2024-08-09,-0.013541633552666354,-0.04054262281776122
2024-08-10,0.0010785754296183114,-0.016095160876847814
2024-08-11,-0.03721354652343756,-0.0841979306516416
2024-08-12,0.010756599640608044,0.03422352677333684
2024-08-13,0.02092453927711624,0.001763182737436253
2024-08-14,-0.03137830139166553,-0.019194556098134363
2024-08-15,-0.02024486209713494,-0.008216084002883761
2024-08-16,0.02291143010134178,-0.024216274452425246
2024-08-17,0.00988184063726294,0.01755780466660628
2024-08-18,-0.016870237926472242,0.005544433001083426
2024-08-19,0.017113663556006742,0.012245661786127293
2024-08-20,-0.008112024604757906,-0.00818023588804806
2024-08-21,0.03598748777475258,-0.003205082705766138
2024-08-22,-0.013052114105544632,0.0038348775403695967
2024-08-23,0.059666677789925515,0.06649084252231674
2024-08-24,0.001319630813085837,0.04859924313013586
2024-08-25,0.0024052261605422842,-0.011404371381161127
2024-08-26,-0.02284251207913357,-0.010579016197525881
2024-08-27,-0.055192877560907405,-0.06802113603976778
2024-08-28,-0.008040214509268395,-0.02067354119991105
2024-08-29,0.006089656742739535,-0.027030478039399952
2024-08-30,-0.004534788620027541,-0.014050292405454634
2024-08-31,-0.0025333050495834897,-0.019934811848349554
2024-09-01,-0.028281771257720578,-0.05063248328036174
2024-09-02,0.030696731082649364,0.047881598643360945
2024-09-03,-0.0288574422367045,-0.05656762152340633
2024-09-04,0.009367548966837447,0.04615486864500973
2024-09-05,-0.031738730145491445,-0.03252039405727469
2024-09-06,-0.04017885990553971,-0.03412482328856292
2024-09-07,0.003532917856169604,0.02161829565773221
2024-09-08,0.012880905395702413,0.01760118730395721
2024-09-09,0.038945513665446185,0.03801072418548124
2024-09-10,0.010973955159395032,0.004504566719807812
2024-09-11,-0.005314110423380924,-0.02340614852068068
2024-09-12,0.013576697629400059,0.027134820881061117
2024-09-13,0.04119072290725079,0.021499208540964432
2024-09-14,-0.009391286288542133,-0.013904660747180664
2024-09-15,-0.013798343779418687,-0.042290111281982234
2024-09-16,-0.016874951656181025,-0.00020378165910273083
2024-09-17,0.035717088660708995,0.0004903518784820093
2024-09-18,0.021994330568393394,0.018490210319257905
2024-09-19,0.020721119053916937,0.06392004091956416
2024-09-20,0.004004011647404937,0.02578228594280585
2024-09-21,0.003189303016478462,0.019995918954450964
2024-09-22,0.003996604788030211,-0.03209855036392106
2024-09-23,-0.005023067643080026,7.829109613499696e-05
2024-09-24,0.015234244172185996,0.05427579938201621
2024-09-25,-0.018185964558888656,-0.03236225699084905
2024-09-26,0.03176403065562461,0.04976445294214571
2024-09-27,0.009309629648678097,0.013876141939306308
2024-09-28,0.001473050355761174,-0.005323236688467681
2024-09-29,-0.003837262677613751,0.010881308856829364
2024-09-30,-0.03576247704956792,-0.038628044757154534
2024-10-01,-0.040152970417249634,-0.04921017820984108
2024-10-02,-0.0033625289659386937,-0.03433833295132693
2024-10-03,0.002086085373775859,-0.025980915298032592
2024-10-04,0.021300283559387623,0.04563688713386682
2024-10-05,0.0003620026164998791,-0.0032217674450842892
2024-10-06,0.011672701783517425,0.02580512036760929
2024-10-07,-0.00931261159307084,-0.01687566609939406
2024-10-08,-0.0016835665376202513,-0.0041572431921386155
2024-10-09,-0.025261155468463414,-0.028857639004693958
2024-10-10,-0.005090366975952776,-0.0030705844442984187
2024-10-11,0.035378479360446136,0.04568808668075963
2024-10-12,0.011906298332258203,0.0076684979515189156
2024-10-13,-0.00542109412935865,0.007291722215836849
2024-10-14,0.04958054928829014,0.06475788314240027
2024-10-15,0.01495264242203831,-0.01745592968224141
2024-10-16,0.008490108547450248,-0.0031487113538002376
2024-10-17,-0.0031535287872266338,-0.0257324620261441
2024-10-18,0.015004897049664123,0.030529949287329217
2024-10-19,-0.0008196237215276625,0.029647402890363495
2024-10-20,0.009303330181939629,0.04471612232796751
2024-10-21,-0.023963262921302686,-0.004339983665392566
2024-10-22,-9.567799317800052e-05,0.00625696684349375
2024-10-23,-0.013890438213698175,0.02171834577516929
2024-10-24,0.025691547967452877,0.035767274282943795
2024-10-25,-0.02253213347279548,-0.07256495167882537
2024-10-26,0.005570705733250136,0.035471526840228584
2024-10-27,0.013555484057567568,0.03365699637774355
2024-10-28,0.02870921510255542,0.008773167002832594
2024-10-29,0.039446590577762564,0.007026405330607943
2024-10-30,-0.00525236341818669,-0.025041977704143292
2024-10-31,-0.02980622089692453,-0.037836963892056374
2024-11-01,-0.010490161236779372,-0.012954546010111478
2024-11-02,-0.002784362785529737,-0.001515535258263867
2024-11-03,-0.007942586110248229,-0.021056463899141065
2024-11-04,-0.013615611362265412,-0.030000521561338367
2024-11-05,0.022572112490930607,0.055337011968495275
2024-11-06,0.08666903126846393,0.11453667836904735
2024-11-07,0.0035076496874797414,0.04895350638238494
2024-11-08,0.008404323339316733,0.018192053426734134
2024-11-09,0.003044406381334852,0.0012790976689487366
2024-11-10,0.04700704537184386,0.05073429179284972
2024-11-11,0.09734014312496164,0.05553789077055171
2024-11-12,-0.008442066269106263,-0.047884525502603914
2024-11-13,0.029444850487761798,0.013816927642906762
2024-11-14,-0.03749692231881241,-0.02811416861440552
2024-11-15,0.04280211829142644,0.041548446593338006
2024-11-16,-0.005588812244118557,-0.010352026486738275
2024-11-17,-0.007900350440317894,0.09590729119549302
2024-11-18,0.007725465406075216,0.00929566782371527
2024-11-19,0.01969754318365169,-0.007100804739621047
2024-11-20,0.02138144499843264,-0.011293760559075494
2024-11-21,0.04320463738221214,0.08794572271480305
2024-11-22,0.0049917220950614904,-0.0021309476123869686
2024-11-23,-0.012404002529793345,-0.005238126285597389
2024-11-24,0.0024162403264789134,-0.008891993841427137
2024-11-25,-0.051409637293289734,-0.07584347179073347
2024-11-26,-0.012069852534281722,-0.014904570961419061
2024-11-27,0.04232881330495708,0.04786245876719164
2024-11-28,-0.0032363100031336245,-0.018907154811628857
2024-11-29,0.018736162907208254,0.02404158837203063
2024-11-30,-0.010442730465097583,-0.024126817989528426
2024-12-01,0.008576311620290156,-0.002838222040003835
2024-12-02,-0.01464711979836153,-0.0488995311656808
2024-12-03,0.0014266034685608275,0.036721172257391466
2024-12-04,0.028408310872006126,-0.02193400736381701
2024-12-05,-0.022266865312221995,0.021072773642402787
2024-12-06,0.03386480176780893,0.012960035456729635
2024-12-07,2.6270484823953666e-05,0.006294765366543942
2024-12-08,0.013051327819740166,-0.007893751107475921
2024-12-09,-0.038292503466212935,-0.08520695170132964
2024-12-10,-0.007802793553988607,-0.016313545468996438
2024-12-11,0.04547294957076353,0.06176040846352748
2024-12-12,-0.011232138149603443,-0.0018488220179202486
2024-12-13,0.014057223472295988,-0.0096907019596717
2024-12-14,-0.0008508417934169898,-0.022473546850716453
2024-12-15,0.02845237769652975,0.01721315697728798
2024-12-16,0.016460567443029817,-0.03328866817612752
2024-12-17,0.0010452246330352466,0.029521628519344922
2024-12-18,-0.05917915465376922,-0.07662199817356719
2024-12-19,-0.025825905125143933,-0.06040392312551379
2024-12-20,0.002714273553184654,-0.0003930046789708541
2024-12-21,-0.005448791172121048,-0.06876952407714132
2024-12-22,-0.02204418038201439,-0.00626630368484804
2024-12-23,-0.004412175449120426,0.05183205019001491
2024-12-24,0.0412739940682787,0.03742115990892714
2024-12-25,0.006294761562736895,0.0024846192140346446
2024-12-26,-0.03592159329680378,-0.048031210372321276
2024-12-27,-0.01716880486495498,-0.023598318389700168
2024-12-28,0.010553910906912378,0.05906583715088409
2024-12-29,-0.01731631736860173,-0.027391784389029006
2024-12-30,-0.009528989191728954,0.006743073459884563
