Date,BTC,SOL
2021-01-01,29374.15234375,1.8420840501785278
2021-01-02,32127.267578125,1.7992750406265259
2021-01-03,32782.0234375,2.1617519855499268
2021-01-04,31971.9140625,2.4850969314575195
2021-01-05,33992.4296875,2.157217025756836
2021-01-06,36824.36328125,1.929216980934143
2021-01-07,39371.04296875,2.3727450370788574
2021-01-08,40797.609375,3.2198870182037354
2021-01-09,40254.546875,3.3853819370269775
2021-01-10,38356.44140625,3.466110944747925
2021-01-11,35566.65625,3.1080899238586426
2021-01-12,33922.9609375,3.6133980751037598
2021-01-13,37316.359375,3.513782024383545
2021-01-14,39187.328125,3.2781639099121094
2021-01-15,36825.3671875,3.2501609325408936
2021-01-16,36178.140625,3.4470551013946533
2021-01-17,35791.27734375,3.81813907623291
2021-01-18,36630.07421875,3.7955150604248047
2021-01-19,36069.8046875,3.6418659687042236
2021-01-20,35547.75,3.7235779762268066
2021-01-21,30825.69921875,2.9905359745025635
2021-01-22,33005.76171875,3.346229076385498
2021-01-23,32067.642578125,3.5041120052337646
2021-01-24,32289.37890625,3.634411096572876
2021-01-25,32366.392578125,3.6999809741973877
2021-01-26,32569.849609375,4.04734992980957
2021-01-27,30432.546875,3.690587043762207
2021-01-28,33466.09765625,3.8220720291137695
2021-01-29,34316.38671875,3.8346760272979736
2021-01-30,34269.5234375,4.224276065826416
2021-01-31,33114.359375,4.264143943786621
2021-02-01,33537.17578125,4.611601829528809
2021-02-02,35510.2890625,5.267508029937744
2021-02-03,37472.08984375,5.71599006652832
2021-02-04,36926.06640625,6.426064968109131
2021-02-05,38144.30859375,6.681719779968262
2021-02-06,39266.01171875,6.110806941986084
2021-02-07,38903.44140625,6.700462818145752
2021-02-08,46196.46484375,7.8832502365112305
2021-02-09,46481.10546875,7.816792964935303
2021-02-10,44918.18359375,9.072214126586914
2021-02-11,47909.33203125,9.215352058410645
2021-02-12,47504.8515625,9.2470121383667
2021-02-13,47105.515625,8.732455253601074
2021-02-14,48717.2890625,8.738896369934082
2021-02-15,47945.05859375,8.861739158630371
2021-02-16,49199.87109375,8.297866821289062
2021-02-17,52149.0078125,8.222577095031738
2021-02-18,51679.796875,8.980451583862305
2021-02-19,55888.1328125,11.465653419494629
2021-02-20,56099.51953125,10.002663612365723
2021-02-21,57539.9453125,11.0855131149292
2021-02-22,54207.3203125,14.454785346984863
2021-02-23,48824.42578125,15.2015380859375
2021-02-24,49705.33203125,17.30270767211914
2021-02-25,47093.8515625,13.816014289855957
2021-02-26,46339.76171875,13.58794116973877
2021-02-27,46188.453125,13.201168060302734
2021-02-28,45137.76953125,13.08924674987793
2021-03-01,49631.2421875,14.955588340759277
2021-03-02,48378.98828125,13.958921432495117
2021-03-03,50538.2421875,14.115591049194336
2021-03-04,48561.16796875,13.097983360290527
2021-03-05,48927.3046875,12.610443115234375
2021-03-06,48912.3828125,13.036458015441895
2021-03-07,51206.69140625,13.877732276916504
2021-03-08,52246.5234375,13.602188110351562
2021-03-09,54824.1171875,14.84631061553955
2021-03-10,56008.55078125,14.231083869934082
2021-03-11,57805.12109375,15.992279052734375
2021-03-12,57332.08984375,14.552142143249512
2021-03-13,61243.0859375,15.308802604675293
2021-03-14,59302.31640625,14.50826644897461
2021-03-15,55907.19921875,14.186661720275879
2021-03-16,56804.90234375,13.622773170471191
2021-03-17,58870.89453125,14.220203399658203
2021-03-18,57858.921875,14.230025291442871
2021-03-19,58346.65234375,14.204795837402344
2021-03-20,58313.64453125,14.211980819702148
2021-03-21,57523.421875,14.332205772399902
2021-03-22,54529.14453125,14.919293403625488
2021-03-23,54738.9453125,14.20483112335205
2021-03-24,52774.265625,13.661297798156738
2021-03-25,51704.16015625,13.02508544921875
2021-03-26,55137.3125,14.779420852661133
2021-03-27,55973.51171875,16.50832176208496
2021-03-28,55950.74609375,18.016233444213867
2021-03-29,57750.19921875,18.854808807373047
2021-03-30,58917.69140625,19.233924865722656
2021-03-31,58918.83203125,19.465229034423828
2021-04-01,59095.80859375,19.084901809692383
2021-04-02,59384.3125,19.810222625732422
2021-04-03,57603.890625,22.552276611328125
2021-04-04,58758.5546875,24.061323165893555
2021-04-05,59057.87890625,22.984283447265625
2021-04-06,58192.359375,24.95714569091797
2021-04-07,56048.9375,26.47808074951172
2021-04-08,58323.953125,27.033987045288086
2021-04-09,58245.00390625,27.778274536132812
2021-04-10,59793.234375,26.84140396118164
2021-04-11,60204.96484375,27.9318904876709
2021-04-12,59893.453125,28.512123107910156
2021-04-13,63503.45703125,27.4355525970459
2021-04-14,63109.6953125,26.47511100769043
2021-04-15,63314.01171875,27.818313598632812
2021-04-16,61572.7890625,25.39736557006836
2021-04-17,60683.8203125,25.09987449645996
2021-04-18,56216.18359375,32.30291748046875
2021-04-19,55724.265625,31.67589569091797
2021-04-20,56473.03125,31.77005386352539
2021-04-21,53906.08984375,32.51304244995117
2021-04-22,51762.2734375,38.8797607421875
2021-04-23,51093.65234375,36.97842025756836
2021-04-24,50050.8671875,40.7373161315918
2021-04-25,49004.25390625,47.36762619018555
2021-04-26,54021.75390625,43.97651672363281
2021-04-27,55033.1171875,43.2390022277832
2021-04-28,54824.703125,44.825984954833984
2021-04-29,53555.109375,42.460540771484375
2021-04-30,57750.17578125,42.95600128173828
2021-05-01,57828.05078125,49.50802230834961
2021-05-02,56631.078125,46.890987396240234
2021-05-03,57200.29296875,45.93368911743164
2021-05-04,53333.5390625,42.729557037353516
2021-05-05,57424.0078125,44.92357635498047
2021-05-06,56396.515625,43.4556770324707
2021-05-07,57356.40234375,43.1550178527832
2021-05-08,58803.77734375,45.56153106689453
2021-05-09,58232.31640625,44.330196380615234
2021-05-10,55859.796875,42.90963363647461
2021-05-11,56704.57421875,44.57746887207031
2021-05-12,49150.53515625,42.45730972290039
2021-05-13,49716.19140625,40.99785232543945
2021-05-14,49880.53515625,42.717864990234375
2021-05-15,46760.1875,43.461307525634766
2021-05-16,46456.05859375,47.200828552246094
2021-05-17,43537.51171875,46.86320495605469
2021-05-18,42909.40234375,55.91096115112305
2021-05-19,37002.44140625,35.107181549072266
2021-05-20,40782.73828125,44.74274826049805
2021-05-21,37304.69140625,38.81285095214844
2021-05-22,37536.6328125,31.315582275390625
2021-05-23,34770.58203125,24.68874740600586
2021-05-24,38705.98046875,31.283571243286133
2021-05-25,38402.22265625,29.99707794189453
2021-05-26,39294.19921875,35.539817810058594
2021-05-27,38436.96875,33.584590911865234
2021-05-28,35697.60546875,29.039276123046875
2021-05-29,34616.06640625,27.376420974731445
2021-05-30,35678.12890625,28.602659225463867
2021-05-31,37332.85546875,32.816246032714844
2021-06-01,36684.92578125,30.985260009765625
2021-06-02,37575.1796875,33.95631790161133
2021-06-03,39208.765625,39.47090530395508
2021-06-04,36894.40625,37.415069580078125
2021-06-05,35551.95703125,39.58539962768555
2021-06-06,35862.37890625,42.30837631225586
2021-06-07,33560.70703125,38.262332916259766
2021-06-08,33472.6328125,41.51781463623047
2021-06-09,37345.12109375,42.031776428222656
2021-06-10,36702.59765625,41.09867477416992
2021-06-11,37334.3984375,36.046085357666016
2021-06-12,35552.515625,36.441688537597656
2021-06-13,39097.859375,38.77043533325195
2021-06-14,40218.4765625,38.71305465698242
2021-06-15,40406.26953125,41.153648376464844
2021-06-16,38347.0625,39.703617095947266
2021-06-17,38053.50390625,39.264591217041016
2021-06-18,35787.24609375,36.64879608154297
2021-06-19,35615.87109375,35.35343551635742
2021-06-20,35698.296875,35.32201385498047
2021-06-21,31676.693359375,26.657400131225586
2021-06-22,32505.66015625,26.7718563079834
2021-06-23,33723.02734375,30.048887252807617
2021-06-24,34662.4375,31.181034088134766
2021-06-25,31637.779296875,28.698862075805664
2021-06-26,32186.27734375,29.712854385375977
2021-06-27,34649.64453125,31.929391860961914
2021-06-28,34434.3359375,32.92778015136719
2021-06-29,35867.77734375,33.86680221557617
2021-06-30,35040.8359375,35.55640411376953
2021-07-01,33572.1171875,33.40403366088867
2021-07-02,33897.046875,34.02048110961914
2021-07-03,34668.546875,34.478816986083984
2021-07-04,35287.78125,34.31060028076172
2021-07-05,33746.00390625,32.984588623046875
2021-07-06,34235.1953125,34.26913833618164
2021-07-07,33855.328125,36.59136962890625
2021-07-08,32877.37109375,33.20372772216797
2021-07-09,33798.01171875,33.2646484375
2021-07-10,33520.51953125,31.788644790649414
2021-07-11,34240.1875,32.17784118652344
2021-07-12,33155.84765625,30.848087310791016
2021-07-13,32702.025390625,29.12118911743164
2021-07-14,32822.34765625,31.2810001373291
2021-07-15,31780.73046875,28.45210075378418
2021-07-16,31421.5390625,26.37000846862793
2021-07-17,31533.068359375,26.721668243408203
2021-07-18,31796.810546875,26.751909255981445
2021-07-19,30817.83203125,24.44757652282715
2021-07-20,29807.34765625,23.48955535888672
2021-07-21,32110.693359375,26.623079299926758
2021-07-22,32313.10546875,27.70208168029785
2021-07-23,33581.55078125,28.513879776000977
2021-07-24,34292.4453125,28.702619552612305
2021-07-25,35350.1875,28.168773651123047
2021-07-26,37337.53515625,28.306642532348633
2021-07-27,39406.94140625,28.065326690673828
2021-07-28,39995.90625,27.815410614013672
2021-07-29,40008.421875,31.281137466430664
2021-07-30,42235.546875,32.393943786621094
2021-07-31,41626.1953125,36.82731246948242
2021-08-01,39974.89453125,34.25436019897461
2021-08-02,39201.9453125,33.22241973876953
2021-08-03,38152.98046875,33.99644088745117
2021-08-04,39747.50390625,35.76362609863281
2021-08-05,40869.5546875,37.35513687133789
2021-08-06,42816.5,39.446102142333984
2021-08-07,44555.80078125,39.403472900390625
2021-08-08,43798.1171875,37.673824310302734
2021-08-09,46365.40234375,38.767784118652344
2021-08-10,45585.03125,40.63979721069336
2021-08-11,45593.63671875,41.74411392211914
2021-08-12,44428.2890625,41.099361419677734
2021-08-13,47793.3203125,44.894500732421875
2021-08-14,47096.9453125,44.112850189208984
2021-08-15,47047.00390625,53.74515914916992
2021-08-16,46004.484375,62.432464599609375
2021-08-17,44695.359375,64.21070861816406
2021-08-18,44801.1875,72.5433120727539
2021-08-19,46717.578125,72.75760650634766
2021-08-20,49339.17578125,78.72461700439453
2021-08-21,48905.4921875,73.75621032714844
2021-08-22,49321.65234375,72.80391693115234
2021-08-23,49546.1484375,75.70803833007812
2021-08-24,47706.1171875,70.67090606689453
2021-08-25,48960.7890625,71.95156860351562
2021-08-26,46942.21875,75.31620788574219
2021-08-27,49058.66796875,88.08698272705078
2021-08-28,48902.40234375,96.70317077636719
2021-08-29,48829.83203125,94.46967315673828
2021-08-30,47054.984375,110.54480743408203
2021-08-31,47166.6875,108.48377227783203
2021-09-01,48847.02734375,111.03300476074219
2021-09-02,49327.72265625,128.10238647460938
2021-09-03,50025.375,146.5830535888672
2021-09-04,49944.625,139.11306762695312
2021-09-05,51753.41015625,142.0708770751953
2021-09-06,52633.53515625,164.38092041015625
2021-09-07,46811.12890625,173.14892578125
2021-09-08,46091.390625,191.04139709472656
2021-09-09,46391.421875,188.19580078125
2021-09-10,44883.91015625,179.865234375
2021-09-11,45201.45703125,178.8678741455078
2021-09-12,46063.26953125,174.53762817382812
2021-09-13,44963.07421875,169.26954650878906
2021-09-14,47092.4921875,158.09481811523438
2021-09-15,48176.34765625,159.1173858642578
2021-09-16,47783.359375,152.47406005859375
2021-09-17,47267.51953125,147.5930633544922
2021-09-18,48278.36328125,169.18421936035156
2021-09-19,47260.21875,152.51669311523438
2021-09-20,42843.80078125,132.13446044921875
2021-09-21,40693.67578125,123.95039367675781
2021-09-22,43574.5078125,147.92425537109375
2021-09-23,44895.09765625,149.75357055664062
2021-09-24,42839.75,139.39564514160156
2021-09-25,42716.59375,136.17892456054688
2021-09-26,43208.5390625,135.69937133789062
2021-09-27,42235.73046875,136.72842407226562
2021-09-28,41034.54296875,131.53721618652344
2021-09-29,41564.36328125,135.35145568847656
2021-09-30,43790.89453125,141.0690460205078
2021-10-01,48116.94140625,161.682373046875
2021-10-02,47711.48828125,169.093017578125
2021-10-03,48199.953125,172.5891571044922
2021-10-04,49112.90234375,166.73191833496094
2021-10-05,51514.8125,164.11582946777344
2021-10-06,55361.44921875,154.1077423095703
2021-10-07,53805.984375,154.28118896484375
2021-10-08,53967.84765625,158.94920349121094
2021-10-09,54968.22265625,156.82583618164062
2021-10-10,54771.578125,148.0487060546875
2021-10-11,57484.7890625,144.85813903808594
2021-10-12,56041.05859375,152.73712158203125
2021-10-13,57401.09765625,148.17604064941406
2021-10-14,57321.5234375,149.75680541992188
2021-10-15,61593.94921875,162.59620666503906
2021-10-16,60892.1796875,157.538818359375
2021-10-17,61553.6171875,159.74380493164062
2021-10-18,62026.078125,157.2312774658203
2021-10-19,64261.9921875,156.01702880859375
2021-10-20,65992.8359375,175.94686889648438
2021-10-21,62210.171875,190.3184356689453
2021-10-22,60692.265625,196.43153381347656
2021-10-23,61393.6171875,197.703857421875
2021-10-24,60930.8359375,202.3619842529297
2021-10-25,63039.82421875,210.1042938232422
2021-10-26,60363.79296875,199.8072509765625
2021-10-27,58482.38671875,183.77459716796875
2021-10-28,60622.13671875,194.86398315429688
2021-10-29,62227.96484375,200.18275451660156
2021-10-30,61888.83203125,195.4160614013672
2021-10-31,61318.95703125,202.4210205078125
2021-11-01,61004.40625,203.5450897216797
2021-11-02,63226.40234375,220.23959350585938
2021-11-03,62970.046875,242.89881896972656
2021-11-04,61452.23046875,247.3877716064453
2021-11-05,61125.67578125,236.47433471679688
2021-11-06,61527.48046875,258.934326171875
2021-11-07,63326.98828125,249.823486328125
2021-11-08,67566.828125,248.46717834472656
2021-11-09,66971.828125,239.213134765625
2021-11-10,64995.23046875,233.77952575683594
2021-11-11,64949.9609375,234.24075317382812
2021-11-12,64155.94140625,228.50209045410156
2021-11-13,64469.52734375,241.8250274658203
2021-11-14,65466.83984375,238.42552185058594
2021-11-15,63557.87109375,237.55360412597656
2021-11-16,60161.24609375,219.23902893066406
2021-11-17,60368.01171875,218.71524047851562
2021-11-18,56942.13671875,195.48741149902344
2021-11-19,58119.578125,215.28001403808594
2021-11-20,59697.1953125,218.01527404785156
2021-11-21,58730.4765625,231.28262329101562
2021-11-22,56289.2890625,215.73727416992188
2021-11-23,57569.07421875,221.83689880371094
2021-11-24,56280.42578125,214.92153930664062
2021-11-25,57274.6796875,206.25299072265625
2021-11-26,53569.765625,191.51174926757812
2021-11-27,54815.078125,193.10215759277344
2021-11-28,57248.45703125,200.67665100097656
2021-11-29,57806.56640625,204.31936645507812
2021-11-30,57005.42578125,208.67098999023438
2021-12-01,57229.828125,229.7992401123047
2021-12-02,56477.81640625,233.9930419921875
2021-12-03,53598.24609375,211.22439575195312
2021-12-04,49200.703125,201.1248321533203
2021-12-05,49368.84765625,196.1682586669922
2021-12-06,50582.625,194.19921875
2021-12-07,50700.0859375,190.59690856933594
2021-12-08,50504.796875,194.6217041015625
2021-12-09,47672.12109375,181.17808532714844
2021-12-10,47243.3046875,167.954833984375
2021-12-11,49362.5078125,171.94949340820312
2021-12-12,50098.3359375,173.43167114257812
2021-12-13,46737.48046875,155.2130584716797
2021-12-14,46612.6328125,153.34144592285156
2021-12-15,48896.72265625,178.34078979492188
2021-12-16,47665.42578125,176.9546661376953
2021-12-17,46202.14453125,175.5032958984375
2021-12-18,46848.77734375,182.8351287841797
2021-12-19,46707.015625,180.09805297851562
2021-12-20,46880.27734375,173.67178344726562
2021-12-21,48936.61328125,180.09254455566406
2021-12-22,48628.51171875,178.5971221923828
2021-12-23,50784.5390625,190.03631591796875
2021-12-24,50822.1953125,190.273193359375
2021-12-25,50429.859375,193.1209259033203
2021-12-26,50809.515625,198.000732421875
2021-12-27,50640.41796875,195.42950439453125
2021-12-28,47588.85546875,177.42562866210938
2021-12-29,46444.7109375,170.65756225585938
2021-12-30,47178.125,172.75119018554688
2021-12-31,46306.4453125,170.299072265625
2022-01-01,47686.8125,178.5179443359375
2022-01-02,47345.21875,176.38284301757812
2022-01-03,46458.1171875,170.29774475097656
2022-01-04,45897.57421875,167.93890380859375
2022-01-05,43569.00390625,155.0997314453125
2022-01-06,43160.9296875,150.4313507080078
2022-01-07,41557.90234375,136.40281677246094
2022-01-08,41733.94140625,142.51345825195312
2022-01-09,41911.6015625,140.83900451660156
2022-01-10,41821.26171875,135.95494079589844
2022-01-11,42735.85546875,140.18385314941406
2022-01-12,43949.1015625,151.70310974121094
2022-01-13,42591.5703125,146.01004028320312
2022-01-14,43099.69921875,146.15902709960938
2022-01-15,43177.3984375,147.80117797851562
2022-01-16,43113.87890625,147.8565216064453
2022-01-17,42250.55078125,139.92601013183594
2022-01-18,42375.6328125,141.58718872070312
2022-01-19,41744.328125,135.79238891601562
2022-01-20,40680.41796875,127.20528411865234
2022-01-21,36457.31640625,111.96605682373047
2022-01-22,35030.25,94.1783676147461
2022-01-23,36276.8046875,99.5782241821289
2022-01-24,36654.328125,91.65016174316406
2022-01-25,36954.00390625,94.72035217285156
2022-01-26,36852.12109375,92.23804473876953
2022-01-27,37138.234375,89.63249206542969
2022-01-28,37784.33203125,91.31289672851562
2022-01-29,38138.1796875,96.2234878540039
2022-01-30,37917.6015625,93.29767608642578
2022-01-31,38483.125,99.73883819580078
2022-02-01,38743.2734375,109.9789810180664
2022-02-02,36952.984375,101.83760070800781
2022-02-03,37154.6015625,101.45903778076172
2022-02-04,41500.875,112.17424774169922
2022-02-05,41441.1640625,113.89430236816406
2022-02-06,42412.43359375,115.29975891113281
2022-02-07,43840.28515625,117.35514831542969
2022-02-08,44118.4453125,113.5954818725586
2022-02-09,44338.796875,114.01937866210938
2022-02-10,43565.11328125,106.20280456542969
2022-02-11,42407.9375,96.38188171386719
2022-02-12,42244.46875,95.91820526123047
2022-02-13,42197.515625,93.24410247802734
2022-02-14,42586.91796875,96.43327331542969
2022-02-15,44575.203125,104.87330627441406
2022-02-16,43961.859375,101.93289947509766
2022-02-17,40538.01171875,93.4104232788086
2022-02-18,40030.9765625,90.06546020507812
2022-02-19,40122.15625,91.49665069580078
2022-02-20,38431.37890625,90.90141296386719
2022-02-21,37075.28125,83.12316131591797
2022-02-22,38286.02734375,86.46538543701172
2022-02-23,37296.5703125,84.90278625488281
2022-02-24,38332.609375,89.19474792480469
2022-02-25,39214.21875,92.59882354736328
2022-02-26,39105.1484375,90.14156341552734
2022-02-27,37709.78515625,85.51905059814453
2022-02-28,43193.234375,99.52034759521484
2022-03-01,44354.63671875,98.65355682373047
2022-03-02,43924.1171875,100.6496353149414
2022-03-03,42451.7890625,95.53919982910156
2022-03-04,39137.60546875,88.24597930908203
2022-03-05,39400.5859375,89.64784240722656
2022-03-06,38419.984375,84.54218292236328
2022-03-07,38062.0390625,82.13006591796875
2022-03-08,38737.26953125,82.2547607421875
2022-03-09,41982.92578125,88.20206451416016
2022-03-10,39437.4609375,82.9390869140625
2022-03-11,38794.97265625,80.7449951171875
2022-03-12,38904.01171875,81.55381774902344
2022-03-13,37849.6640625,78.93607330322266
2022-03-14,39666.75390625,81.17333984375
2022-03-15,39338.78515625,82.95508575439453
2022-03-16,41143.9296875,87.90362548828125
2022-03-17,40951.37890625,87.87684631347656
2022-03-18,41801.15625,89.82203674316406
2022-03-19,42190.65234375,92.41815185546875
2022-03-20,41247.82421875,88.61486053466797
2022-03-21,41077.99609375,88.7572021484375
2022-03-22,42358.80859375,90.51296997070312
2022-03-23,42892.95703125,95.1026840209961
2022-03-24,43960.93359375,102.22369384765625
2022-03-25,44348.73046875,98.6581039428711
2022-03-26,44500.828125,101.7641830444336
2022-03-27,46820.4921875,107.08422088623047
2022-03-28,47128.00390625,106.46525573730469
2022-03-29,47465.73046875,111.71031188964844
2022-03-30,47062.6640625,120.6994857788086
2022-03-31,45538.67578125,122.66146087646484
2022-04-01,46281.64453125,134.43093872070312
2022-04-02,45868.94921875,132.19886779785156
2022-04-03,46453.56640625,136.77532958984375
2022-04-04,46622.67578125,132.41262817382812
2022-04-05,45555.9921875,126.86223602294922
2022-04-06,43206.73828125,112.88338470458984
2022-04-07,43503.84765625,118.79651641845703
2022-04-08,42287.6640625,109.8008804321289
2022-04-09,42782.13671875,112.97279357910156
2022-04-10,42207.671875,111.74243927001953
2022-04-11,39521.90234375,99.33910369873047
2022-04-12,40127.18359375,103.30638885498047
2022-04-13,41166.73046875,105.00194549560547
2022-04-14,39935.515625,100.70780181884766
2022-04-15,40553.46484375,101.30977630615234
2022-04-16,40424.484375,102.25731658935547
2022-04-17,39716.953125,100.40969848632812
2022-04-18,40826.21484375,102.15853118896484
2022-04-19,41502.75,108.58203125
2022-04-20,41374.37890625,105.49700164794922
2022-04-21,40527.36328125,101.77613830566406
2022-04-22,39740.3203125,100.61205291748047
2022-04-23,39486.73046875,100.74443817138672
2022-04-24,39469.29296875,99.23579406738281
2022-04-25,40458.30859375,101.24763488769531
2022-04-26,38117.4609375,95.78215026855469
2022-04-27,39241.12109375,98.37886810302734
2022-04-28,39773.828125,98.18572998046875
2022-04-29,38609.82421875,94.01134490966797
2022-04-30,37714.875,85.09593200683594
2022-05-01,38469.09375,89.6715087890625
2022-05-02,38529.328125,87.58101654052734
2022-05-03,37750.453125,85.84237670898438
2022-05-04,39698.37109375,92.7708511352539
2022-05-05,36575.140625,84.59602355957031
2022-05-06,36040.921875,81.76410675048828
2022-05-07,35501.953125,78.9834213256836
2022-05-08,34059.265625,75.22018432617188
2022-05-09,30296.953125,63.2696533203125
2022-05-10,31022.90625,66.76615142822266
2022-05-11,28936.35546875,50.21084976196289
2022-05-12,29047.751953125,44.683589935302734
2022-05-13,29283.103515625,48.59355163574219
2022-05-14,30101.265625,52.4172248840332
2022-05-15,31305.11328125,58.81126022338867
2022-05-16,29862.91796875,53.646461486816406
2022-05-17,30425.857421875,57.12562561035156
2022-05-18,28720.271484375,49.75621032714844
2022-05-19,30314.333984375,52.2139778137207
2022-05-20,29200.740234375,49.538509368896484
2022-05-21,29432.2265625,50.3179817199707
2022-05-22,30323.72265625,52.75518035888672
2022-05-23,29098.91015625,49.05685043334961
2022-05-24,29655.5859375,49.65333557128906
2022-05-25,29562.361328125,47.982425689697266
2022-05-26,29267.224609375,43.4912109375
2022-05-27,28627.57421875,40.981346130371094
2022-05-28,28814.900390625,44.343162536621094
2022-05-29,29445.95703125,44.90961456298828
2022-05-30,31726.390625,47.179443359375
2022-05-31,31792.310546875,45.76784133911133
2022-06-01,29799.080078125,40.26966857910156
2022-06-02,30467.48828125,40.8913459777832
2022-06-03,29704.390625,38.259220123291016
2022-06-04,29832.9140625,38.93144607543945
2022-06-05,29906.662109375,38.480533599853516
2022-06-06,31370.671875,42.43313217163086
2022-06-07,31155.478515625,39.43757247924805
2022-06-08,30214.35546875,38.84336853027344
2022-06-09,30111.998046875,39.97260665893555
2022-06-10,29083.8046875,37.08976745605469
2022-06-11,28360.810546875,33.82111740112305
2022-06-12,26762.6484375,30.743270874023438
2022-06-13,22487.388671875,28.19236183166504
2022-06-14,22206.79296875,29.714618682861328
2022-06-15,22572.83984375,34.48794174194336
2022-06-16,20381.650390625,29.989742279052734
2022-06-17,20471.482421875,30.742919921875
2022-06-18,19017.642578125,31.80793571472168
2022-06-19,20553.271484375,34.24374771118164
2022-06-20,20599.537109375,35.4171142578125
2022-06-21,20710.59765625,36.121158599853516
2022-06-22,19987.029296875,34.12163543701172
2022-06-23,21085.876953125,38.17523193359375
2022-06-24,21231.65625,42.2120475769043
2022-06-25,21502.337890625,42.33281326293945
2022-06-26,21027.294921875,39.40808868408203
2022-06-27,20735.478515625,38.45125198364258
2022-06-28,20280.634765625,35.326438903808594
2022-06-29,20104.0234375,33.8739013671875
2022-06-30,19784.7265625,33.588417053222656
2022-07-01,19269.3671875,32.803070068359375
2022-07-02,19242.255859375,33.35940933227539
2022-07-03,19297.076171875,33.38593292236328
2022-07-04,20231.26171875,36.785030364990234
2022-07-05,20190.115234375,35.39555358886719
2022-07-06,20548.24609375,37.07356262207031
2022-07-07,21637.587890625,38.518306732177734
2022-07-08,21731.1171875,38.286720275878906
2022-07-09,21592.20703125,38.07196044921875
2022-07-10,20860.44921875,36.697608947753906
2022-07-11,19970.556640625,33.463600158691406
2022-07-12,19323.9140625,32.75759506225586
2022-07-13,20212.07421875,34.91093826293945
2022-07-14,20569.919921875,37.10782241821289
2022-07-15,20836.328125,37.41592788696289
2022-07-16,21190.31640625,39.57412338256836
2022-07-17,20779.34375,38.64472198486328
2022-07-18,22485.689453125,43.746158599853516
2022-07-19,23389.43359375,44.89987564086914
2022-07-20,23231.732421875,42.09366989135742
2022-07-21,23164.62890625,43.19059371948242
2022-07-22,22714.978515625,40.61850357055664
2022-07-23,22465.478515625,40.040977478027344
2022-07-24,22609.1640625,41.00658416748047
2022-07-25,21361.701171875,36.711997985839844
2022-07-26,21239.75390625,36.190853118896484
2022-07-27,22930.548828125,40.3078498840332
2022-07-28,23843.88671875,42.84526824951172
2022-07-29,23804.6328125,41.926998138427734
2022-07-30,23656.20703125,43.755889892578125
2022-07-31,23336.896484375,42.400203704833984
2022-08-01,23314.19921875,41.78648376464844
2022-08-02,22978.1171875,39.7545051574707
2022-08-03,22846.5078125,38.54441833496094
2022-08-04,22630.95703125,38.83067321777344
2022-08-05,23289.314453125,40.561031341552734
2022-08-06,22961.279296875,40.0570068359375
2022-08-07,23175.890625,40.6055908203125
2022-08-08,23809.486328125,42.17055130004883
2022-08-09,23164.318359375,40.372623443603516
2022-08-10,23947.642578125,42.365867614746094
2022-08-11,23957.529296875,42.8217887878418
2022-08-12,24402.818359375,45.33475875854492
2022-08-13,24424.068359375,46.485347747802734
2022-08-14,24319.333984375,44.916568756103516
2022-08-15,24136.97265625,43.82322311401367
2022-08-16,23883.291015625,43.15880584716797
2022-08-17,23335.998046875,40.403053283691406
2022-08-18,23212.73828125,39.545230865478516
2022-08-19,20877.552734375,35.8902587890625
2022-08-20,21166.060546875,35.26973342895508
2022-08-21,21534.12109375,36.533199310302734
2022-08-22,21398.908203125,35.47438049316406
2022-08-23,21528.087890625,35.6462516784668
2022-08-24,21395.01953125,34.957916259765625
2022-08-25,21600.904296875,35.316463470458984
2022-08-26,20260.01953125,31.726362228393555
2022-08-27,20041.73828125,31.54243278503418
2022-08-28,19616.814453125,30.39228630065918
2022-08-29,20297.994140625,32.46529769897461
2022-08-30,19796.80859375,31.41205596923828
2022-08-31,20049.763671875,31.47295570373535
2022-09-01,20127.140625,31.585678100585938
2022-09-02,19969.771484375,31.227930068969727
2022-09-03,19832.087890625,31.10948371887207
2022-09-04,19986.712890625,32.106956481933594
2022-09-05,19812.37109375,32.19464874267578
2022-09-06,18837.66796875,30.891742706298828
2022-09-07,19290.32421875,32.71091842651367
2022-09-08,19329.833984375,33.608646392822266
2022-09-09,21381.15234375,34.73976516723633
2022-09-10,21680.5390625,35.12672805786133
2022-09-11,21769.255859375,34.96596145629883
2022-09-12,22370.44921875,37.4241828918457
2022-09-13,20296.70703125,33.430816650390625
2022-09-14,20241.08984375,34.09157180786133
2022-09-15,19701.2109375,33.04768371582031
2022-09-16,19772.583984375,32.208858489990234
2022-09-17,20127.576171875,33.75077819824219
2022-09-18,19419.505859375,31.05985450744629
2022-09-19,19544.12890625,32.685302734375
2022-09-20,18890.7890625,31.433040618896484
2022-09-21,18547.400390625,30.826377868652344
2022-09-22,19413.55078125,32.408905029296875
2022-09-23,19297.638671875,33.6766357421875
2022-09-24,18937.01171875,33.462650299072266
2022-09-25,18802.09765625,32.33536148071289
2022-09-26,19222.671875,33.88055419921875
2022-09-27,19110.546875,32.75012969970703
2022-09-28,19426.720703125,33.23543930053711
2022-09-29,19573.05078125,33.952449798583984
2022-09-30,19431.7890625,33.21244430541992
2022-10-01,19312.095703125,32.46939468383789
2022-10-02,19044.107421875,32.05569839477539
2022-10-03,19623.580078125,32.967620849609375
2022-10-04,20336.84375,34.12247085571289
2022-10-05,20160.716796875,34.073883056640625
2022-10-06,19955.443359375,33.34281921386719
2022-10-07,19546.849609375,33.00146484375
2022-10-08,19416.568359375,32.57793426513672
2022-10-09,19446.42578125,32.913883209228516
2022-10-10,19141.484375,31.970834732055664
2022-10-11,19051.41796875,30.77686882019043
2022-10-12,19157.4453125,31.165485382080078
2022-10-13,19382.904296875,30.544519424438477
2022-10-14,19185.65625,30.007417678833008
2022-10-15,19067.634765625,29.575347900390625
2022-10-16,19268.09375,30.168840408325195
2022-10-17,19550.7578125,31.224876403808594
2022-10-18,19334.416015625,30.164331436157227
2022-10-19,19139.53515625,28.900798797607422
2022-10-20,19053.740234375,28.08509635925293
2022-10-21,19172.46875,28.10867691040039
2022-10-22,19208.189453125,28.01386260986328
2022-10-23,19567.0078125,29.270071029663086
2022-10-24,19345.572265625,28.3100643157959
2022-10-25,20095.857421875,30.93997573852539
2022-10-26,20770.44140625,31.28472137451172
2022-10-27,20285.8359375,30.630624771118164
2022-10-28,20595.3515625,32.111263275146484
2022-10-29,20818.4765625,32.85712814331055
2022-10-30,20635.603515625,32.9659309387207
2022-10-31,20495.7734375,32.61103820800781
2022-11-01,20485.2734375,32.2484245300293
2022-11-02,20159.50390625,30.788076400756836
2022-11-03,20209.98828125,30.84387969970703
2022-11-04,21147.23046875,33.780853271484375
2022-11-05,21282.69140625,36.76576232910156
2022-11-06,20926.486328125,32.6835823059082
2022-11-07,20602.81640625,29.60134506225586
2022-11-08,18541.271484375,24.152936935424805
2022-11-09,15880.7802734375,13.94085693359375
2022-11-10,17586.771484375,17.681407928466797
2022-11-11,17034.29296875,16.326745986938477
2022-11-12,16799.185546875,14.53900146484375
2022-11-13,16353.365234375,13.164528846740723
2022-11-14,16618.19921875,14.00135612487793
2022-11-15,16884.61328125,14.301294326782227
2022-11-16,16669.439453125,14.285508155822754
2022-11-17,16687.517578125,13.638734817504883
2022-11-18,16697.77734375,13.247496604919434
2022-11-19,16711.546875,12.851014137268066
2022-11-20,16291.83203125,12.252833366394043
2022-11-21,15787.2841796875,11.846208572387695
2022-11-22,16189.76953125,12.435625076293945
2022-11-23,16610.70703125,14.35151195526123
2022-11-24,16604.46484375,14.582350730895996
2022-11-25,16521.841796875,14.063138008117676
2022-11-26,16464.28125,14.159193992614746
2022-11-27,16444.626953125,14.115766525268555
2022-11-28,16217.322265625,13.404518127441406
2022-11-29,16444.982421875,13.369733810424805
2022-11-30,17168.56640625,14.115445137023926
2022-12-01,16967.1328125,13.480968475341797
2022-12-02,17088.66015625,13.7156400680542
2022-12-03,16908.236328125,13.302457809448242
2022-12-04,17130.486328125,13.718218803405762
2022-12-05,16974.826171875,13.8311128616333
2022-12-06,17089.50390625,14.288854598999023
2022-12-07,16848.126953125,13.5196533203125
2022-12-08,17233.474609375,13.68922233581543
2022-12-09,17133.15234375,13.580187797546387
2022-12-10,17128.724609375,13.576995849609375
2022-12-11,17104.193359375,13.427809715270996
2022-12-12,17206.4375,13.318544387817383
2022-12-13,17781.318359375,13.833986282348633
2022-12-14,17815.650390625,14.140525817871094
2022-12-15,17364.865234375,14.02151107788086
2022-12-16,16647.484375,12.266606330871582
2022-12-17,16795.091796875,12.504404067993164
2022-12-18,16757.9765625,12.41312026977539
2022-12-19,16439.6796875,11.932655334472656
2022-12-20,16906.3046875,12.28051471710205
2022-12-21,16817.53515625,12.128985404968262
2022-12-22,16830.341796875,11.794829368591309
2022-12-23,16796.953125,11.786166191101074
2022-12-24,16847.755859375,11.444275856018066
2022-12-25,16841.986328125,11.387903213500977
2022-12-26,16919.8046875,11.306611061096191
2022-12-27,16717.173828125,11.085430145263672
2022-12-28,16552.572265625,9.755906105041504
2022-12-29,16642.341796875,9.651782989501953
2022-12-30,16602.5859375,9.880176544189453
2022-12-31,16547.49609375,9.961038589477539
2023-01-01,16625.080078125,9.982172966003418
2023-01-02,16688.470703125,11.272967338562012
2023-01-03,16679.857421875,13.344045639038086
2023-01-04,16863.23828125,13.435112953186035
2023-01-05,16836.736328125,13.419329643249512
2023-01-06,16951.96875,13.52584171295166
2023-01-07,16955.078125,13.092267990112305
2023-01-08,17091.14453125,14.31993293762207
2023-01-09,17196.5546875,16.30246353149414
2023-01-10,17446.29296875,16.19672393798828
2023-01-11,17934.896484375,16.35941505432129
2023-01-12,18869.587890625,16.619043350219727
2023-01-13,19909.57421875,18.28844451904297
2023-01-14,20976.298828125,24.24945831298828
2023-01-15,20880.798828125,22.873306274414062
2023-01-16,21169.6328125,23.577564239501953
2023-01-17,21161.51953125,22.884063720703125
2023-01-18,20688.78125,20.85063362121582
2023-01-19,21086.79296875,21.42676544189453
2023-01-20,22676.552734375,25.54827117919922
2023-01-21,22777.625,24.627838134765625
2023-01-22,22720.416015625,24.232789993286133
2023-01-23,22934.431640625,24.357807159423828
2023-01-24,22636.46875,22.795673370361328
2023-01-25,23117.859375,24.57144546508789
2023-01-26,23032.77734375,24.350696563720703
2023-01-27,23078.728515625,24.40785789489746
2023-01-28,23031.08984375,23.981801986694336
2023-01-29,23774.56640625,26.132387161254883
2023-01-30,22840.138671875,23.946321487426758
2023-01-31,23139.283203125,23.952547073364258
2023-02-01,23723.76953125,24.993358612060547
2023-02-02,23471.87109375,24.265058517456055
2023-02-03,23449.322265625,24.680896759033203
2023-02-04,23331.84765625,24.317745208740234
2023-02-05,22955.666015625,23.493438720703125
2023-02-06,22760.109375,22.706388473510742
2023-02-07,23264.291015625,23.861356735229492
2023-02-08,22939.3984375,23.192670822143555
2023-02-09,21819.0390625,20.45212745666504
2023-02-10,21651.18359375,20.130109786987305
2023-02-11,21870.875,20.830095291137695
2023-02-12,21788.203125,21.489978790283203
2023-02-13,21808.1015625,20.79010009765625
2023-02-14,22220.8046875,21.824953079223633
2023-02-15,24307.841796875,23.883901596069336
2023-02-16,23623.474609375,22.285951614379883
2023-02-17,24565.6015625,23.166757583618164
2023-02-18,24641.27734375,23.478591918945312
2023-02-19,24327.642578125,24.84075164794922
2023-02-20,24829.1484375,26.181386947631836
2023-02-21,24436.353515625,24.948558807373047
2023-02-22,24188.84375,24.18134880065918
2023-02-23,23947.4921875,23.900800704956055
2023-02-24,23198.126953125,23.053035736083984
2023-02-25,23175.375,22.523399353027344
2023-02-26,23561.212890625,23.256088256835938
2023-02-27,23522.87109375,22.692588806152344
2023-02-28,23147.353515625,21.9163875579834
2023-03-01,23646.55078125,22.506431579589844
2023-03-02,23475.466796875,21.984878540039062
2023-03-03,22362.6796875,21.39935302734375
2023-03-04,22353.349609375,20.966838836669922
2023-03-05,22435.513671875,20.97858428955078
2023-03-06,22429.7578125,20.635011672973633
2023-03-07,22219.76953125,20.244731903076172
2023-03-08,21718.080078125,18.421194076538086
2023-03-09,20363.021484375,17.308147430419922
2023-03-10,20187.244140625,18.243642807006836
2023-03-11,20632.41015625,18.22584342956543
2023-03-12,22163.94921875,20.310531616210938
2023-03-13,24197.533203125,20.433712005615234
2023-03-14,24746.07421875,20.92803382873535
2023-03-15,24375.9609375,19.29098129272461
2023-03-16,25052.7890625,19.73054313659668
2023-03-17,27423.9296875,21.62910270690918
2023-03-18,26965.87890625,21.19590187072754
2023-03-19,28038.67578125,21.90340232849121
2023-03-20,27767.236328125,22.176464080810547
2023-03-21,28175.81640625,22.618267059326172
2023-03-22,27307.4375,21.480485916137695
2023-03-23,28333.97265625,22.216777801513672
2023-03-24,27493.28515625,20.678855895996094
2023-03-25,27494.70703125,20.446645736694336
2023-03-26,27994.330078125,20.97551918029785
2023-03-27,27139.888671875,19.921674728393555
2023-03-28,27268.130859375,20.4706974029541
2023-03-29,28348.44140625,21.111467361450195
2023-03-30,28033.5625,20.55104637145996
2023-03-31,28478.484375,21.170495986938477
2023-04-01,28411.03515625,20.97564125061035
2023-04-02,28199.30859375,20.536975860595703
2023-04-03,27790.220703125,20.443050384521484
2023-04-04,28168.08984375,20.924619674682617
2023-04-05,28177.984375,20.966007232666016
2023-04-06,28044.140625,20.61012840270996
2023-04-07,27925.859375,20.469940185546875
2023-04-08,27947.794921875,20.036449432373047
2023-04-09,28333.05078125,20.29946517944336
2023-04-10,29652.98046875,20.882356643676758
2023-04-11,30235.05859375,23.018827438354492
2023-04-12,30139.052734375,23.985305786132812
2023-04-13,30399.06640625,24.432308197021484
2023-04-14,30485.69921875,24.772722244262695
2023-04-15,30318.49609375,24.079378128051758
2023-04-16,30315.35546875,25.361927032470703
2023-04-17,29445.044921875,24.55884552001953
2023-04-18,30397.552734375,24.852689743041992
2023-04-19,28822.6796875,22.71283531188965
2023-04-20,28245.98828125,22.181440353393555
2023-04-21,27276.91015625,21.278135299682617
2023-04-22,27817.5,21.816287994384766
2023-04-23,27591.384765625,21.480138778686523
2023-04-24,27525.33984375,21.391069412231445
2023-04-25,28307.59765625,21.92725372314453
2023-04-26,28422.701171875,21.28301239013672
2023-04-27,29473.787109375,22.34011459350586
2023-04-28,29340.26171875,23.366287231445312
2023-04-29,29248.48828125,23.18299674987793
2023-04-30,29268.806640625,22.832014083862305
2023-05-01,28091.568359375,21.98663330078125
2023-05-02,28680.537109375,22.264978408813477
2023-05-03,29006.30859375,22.218002319335938
2023-05-04,28847.7109375,21.730348587036133
2023-05-05,29534.384765625,22.82611083984375
2023-05-06,28904.623046875,21.974262237548828
2023-05-07,28454.978515625,21.844228744506836
2023-05-08,27694.2734375,20.65746307373047
2023-05-09,27658.775390625,20.683645248413086
2023-05-10,27621.755859375,20.953710556030273
2023-05-11,27000.7890625,20.234880447387695
2023-05-12,26804.990234375,20.911794662475586
2023-05-13,26784.078125,20.86876106262207
2023-05-14,26930.638671875,20.953397750854492
2023-05-15,27192.693359375,21.00718879699707
2023-05-16,27036.650390625,20.679420471191406
2023-05-17,27398.802734375,21.06839942932129
2023-05-18,26832.208984375,20.348695755004883
2023-05-19,26890.12890625,20.349870681762695
2023-05-20,27129.5859375,20.285446166992188
2023-05-21,26753.826171875,19.609437942504883
2023-05-22,26851.27734375,19.54204559326172
2023-05-23,27225.7265625,20.043182373046875
2023-05-24,26334.818359375,19.223663330078125
2023-05-25,26476.20703125,19.260662078857422
2023-05-26,26719.291015625,19.36695671081543
2023-05-27,26868.353515625,20.425233840942383
2023-05-28,28085.646484375,20.7985782623291
2023-05-29,27745.884765625,20.586509704589844
2023-05-30,27702.349609375,21.25408363342285
2023-05-31,27219.658203125,20.82450294494629
2023-06-01,26819.97265625,20.50221824645996
2023-06-02,27249.58984375,21.25759506225586
2023-06-03,27075.12890625,21.15556526184082
2023-06-04,27119.06640625,21.8189754486084
2023-06-05,25760.09765625,20.07505989074707
2023-06-06,27238.783203125,20.398483276367188
2023-06-07,26345.998046875,18.6342830657959
2023-06-08,26508.216796875,18.909475326538086
2023-06-09,26480.375,17.37969970703125
2023-06-10,25851.240234375,15.65610122680664
2023-06-11,25940.16796875,15.558775901794434
2023-06-12,25902.5,15.196707725524902
2023-06-13,25918.728515625,15.018193244934082
2023-06-14,25124.67578125,14.486572265625
2023-06-15,25576.39453125,14.759472846984863
2023-06-16,26327.462890625,15.30825424194336
2023-06-17,26510.67578125,15.650521278381348
2023-06-18,26336.212890625,15.43823528289795
2023-06-19,26851.029296875,16.073041915893555
2023-06-20,28327.48828125,16.635231018066406
2023-06-21,30027.296875,17.25704574584961
2023-06-22,29912.28125,16.642620086669922
2023-06-23,30695.46875,17.149534225463867
2023-06-24,30548.6953125,16.652862548828125
2023-06-25,30480.26171875,16.97138023376465
2023-06-26,30271.130859375,16.27002716064453
2023-06-27,30688.1640625,16.61964988708496
2023-06-28,30086.24609375,15.98684310913086
2023-06-29,30445.3515625,17.970457077026367
2023-06-30,30477.251953125,18.897321701049805
2023-07-01,30590.078125,18.683902740478516
2023-07-02,30620.76953125,19.453594207763672
2023-07-03,31156.439453125,19.240537643432617
2023-07-04,30777.58203125,19.14322853088379
2023-07-05,30514.166015625,18.99286460876465
2023-07-06,29909.337890625,19.729385375976562
2023-07-07,30342.265625,21.484664916992188
2023-07-08,30292.541015625,21.859268188476562
2023-07-09,30171.234375,21.3490047454834
2023-07-10,30414.470703125,21.31377601623535
2023-07-11,30620.951171875,22.092933654785156
2023-07-12,30391.646484375,21.977602005004883
2023-07-13,31476.048828125,26.02569580078125
2023-07-14,30334.068359375,26.7357177734375
2023-07-15,30295.806640625,27.391355514526367
2023-07-16,30249.1328125,27.384082794189453
2023-07-17,30145.888671875,26.872766494750977
2023-07-18,29856.5625,25.544504165649414
2023-07-19,29913.923828125,26.372352600097656
2023-07-20,29792.015625,25.375167846679688
2023-07-21,29908.744140625,25.544267654418945
2023-07-22,29771.802734375,24.535053253173828
2023-07-23,30084.5390625,24.766815185546875
2023-07-24,29176.916015625,23.38149070739746
2023-07-25,29227.390625,23.279321670532227
2023-07-26,29354.97265625,25.177053451538086
2023-07-27,29210.689453125,25.099336624145508
2023-07-28,29319.24609375,24.84685707092285
2023-07-29,29356.91796875,25.168973922729492
2023-07-30,29275.30859375,24.261018753051758
2023-07-31,29230.111328125,23.720956802368164
2023-08-01,29675.732421875,23.99875259399414
2023-08-02,29151.958984375,23.145721435546875
2023-08-03,29178.6796875,22.636049270629883
2023-08-04,29074.091796875,22.79361915588379
2023-08-05,29042.126953125,22.632204055786133
2023-08-06,29041.85546875,23.18569564819336
2023-08-07,29180.578125,23.068756103515625
2023-08-08,29765.4921875,24.211763381958008
2023-08-09,29561.494140625,24.37852668762207
2023-08-10,29429.591796875,24.613052368164062
2023-08-11,29397.71484375,24.582860946655273
2023-08-12,29415.96484375,24.90673065185547
2023-08-13,29282.9140625,24.24288558959961
2023-08-14,29408.443359375,25.142822265625
2023-08-15,29170.34765625,23.89658546447754
2023-08-16,28701.779296875,22.811975479125977
2023-08-17,26664.55078125,21.70997428894043
2023-08-18,26049.556640625,21.335493087768555
2023-08-19,26096.205078125,21.879037857055664
2023-08-20,26189.583984375,21.77327537536621
2023-08-21,26124.140625,21.20825958251953
2023-08-22,26031.65625,20.546541213989258
2023-08-23,26431.640625,21.703624725341797
2023-08-24,26162.373046875,21.033031463623047
2023-08-25,26047.66796875,20.392719268798828
2023-08-26,26008.462890625,20.280424118041992
2023-08-27,26089.693359375,20.78683853149414
2023-08-28,26106.150390625,20.557100296020508
2023-08-29,27727.392578125,21.780763626098633
2023-08-30,27297.265625,20.834903717041016
2023-08-31,25931.47265625,19.735092163085938
2023-09-01,25800.724609375,19.327844619750977
2023-09-02,25868.798828125,19.493743896484375
2023-09-03,25969.56640625,19.578746795654297
2023-09-04,25812.416015625,19.499408721923828
2023-09-05,25779.982421875,20.272384643554688
2023-09-06,25753.236328125,19.62002944946289
2023-09-07,26240.1953125,19.890499114990234
2023-09-08,25905.654296875,19.599044799804688
2023-09-09,25895.677734375,19.44607162475586
2023-09-10,25832.2265625,18.248830795288086
2023-09-11,25162.654296875,17.739166259765625
2023-09-12,25833.34375,17.929826736450195
2023-09-13,26228.32421875,18.402999877929688
2023-09-14,26539.673828125,18.838306427001953
2023-09-15,26608.693359375,19.16884422302246
2023-09-16,26568.28125,19.140369415283203
2023-09-17,26534.1875,18.831628799438477
2023-09-18,26754.28125,19.657245635986328
2023-09-19,27211.1171875,20.03618812561035
2023-09-20,27132.0078125,20.3049373626709
2023-09-21,26567.6328125,19.47907066345215
2023-09-22,26579.568359375,19.43814468383789
2023-09-23,26579.390625,19.47390365600586
2023-09-24,26256.826171875,19.374290466308594
2023-09-25,26298.48046875,19.40414047241211
2023-09-26,26217.25,19.023286819458008
2023-09-27,26352.716796875,19.130022048950195
2023-09-28,27021.546875,19.957616806030273
2023-09-29,26911.720703125,20.300655364990234
2023-09-30,26967.916015625,21.3951473236084
2023-10-01,27983.75,23.83648681640625
2023-10-02,27530.78515625,23.371700286865234
2023-10-03,27429.978515625,23.55269432067871
2023-10-04,27799.39453125,23.144786834716797
2023-10-05,27415.912109375,22.694141387939453
2023-10-06,27946.59765625,23.424453735351562
2023-10-07,27968.83984375,23.287302017211914
2023-10-08,27935.08984375,23.24642562866211
2023-10-09,27583.677734375,22.118396759033203
2023-10-10,27391.01953125,22.10511589050293
2023-10-11,26873.3203125,22.00741958618164
2023-10-12,26756.798828125,21.300268173217773
2023-10-13,26862.375,21.834917068481445
2023-10-14,26861.70703125,22.01171875
2023-10-15,27159.65234375,21.922027587890625
2023-10-16,28519.466796875,23.98295783996582
2023-10-17,28415.748046875,23.959318161010742
2023-10-18,28328.341796875,23.432138442993164
2023-10-19,28719.806640625,24.93791961669922
2023-10-20,29682.94921875,27.033674240112305
2023-10-21,29918.412109375,29.386228561401367
2023-10-22,29993.896484375,29.03668212890625
2023-10-23,33086.234375,31.850984573364258
2023-10-24,33901.52734375,30.15153694152832
2023-10-25,34502.8203125,32.46306610107422
2023-10-26,34156.6484375,32.77549362182617
2023-10-27,33909.80078125,31.73969841003418
2023-10-28,34089.57421875,31.653318405151367
2023-10-29,34538.48046875,32.822608947753906
2023-10-30,34502.36328125,34.962337493896484
2023-10-31,34667.78125,38.51951599121094
2023-11-01,35437.25390625,41.461544036865234
2023-11-02,34938.2421875,40.20756912231445
2023-11-03,34732.32421875,39.51976013183594
2023-11-04,35082.1953125,42.346595764160156
2023-11-05,35049.35546875,41.23860168457031
2023-11-06,35037.37109375,42.12858963012695
2023-11-07,35443.5625,43.09254455566406
2023-11-08,35655.27734375,43.18988800048828
2023-11-09,36693.125,45.444828033447266
2023-11-10,37313.96875,56.64385223388672
2023-11-11,37138.05078125,56.1026611328125
2023-11-12,37054.51953125,56.15409851074219
2023-11-13,36502.35546875,51.90705108642578
2023-11-14,35537.640625,56.838375091552734
2023-11-15,37880.58203125,65.5344009399414
2023-11-16,36154.76953125,57.871402740478516
2023-11-17,36596.68359375,58.41593551635742
2023-11-18,36585.703125,58.512725830078125
2023-11-19,37386.546875,61.393558502197266
2023-11-20,37476.95703125,56.53383255004883
2023-11-21,35813.8125,52.00047302246094
2023-11-22,37432.33984375,57.588558197021484
2023-11-23,37289.62109375,56.599369049072266
2023-11-24,37720.28125,56.86643981933594
2023-11-25,37796.79296875,58.84648895263672
2023-11-26,37479.12109375,57.6427001953125
2023-11-27,37254.16796875,55.06462097167969
2023-11-28,37831.0859375,58.19437026977539
2023-11-29,37858.4921875,59.25012969970703
2023-11-30,37712.74609375,59.24162292480469
2023-12-01,38688.75,59.80399703979492
2023-12-02,39476.33203125,63.83285903930664
2023-12-03,39978.390625,63.03996658325195
2023-12-04,41980.09765625,61.526615142822266
2023-12-05,44080.6484375,60.99483108520508
2023-12-06,43746.4453125,61.902957916259766
2023-12-07,43292.6640625,67.83782958984375
2023-12-08,44166.6015625,75.00243377685547
2023-12-09,43725.984375,72.25760650634766
2023-12-10,43779.69921875,74.70588684082031
2023-12-11,41243.83203125,70.36717224121094
2023-12-12,41450.22265625,68.54067993164062
2023-12-13,42890.7421875,70.76778411865234
2023-12-14,43023.97265625,75.62033081054688
2023-12-15,41929.7578125,72.36898803710938
2023-12-16,42240.1171875,73.47350311279297
2023-12-17,41364.6640625,71.00051879882812
2023-12-18,42623.5390625,74.34716033935547
2023-12-19,42270.52734375,72.9897689819336
2023-12-20,43652.25,82.19123077392578
2023-12-21,43869.15234375,93.85481262207031
2023-12-22,43997.90234375,98.00369262695312
2023-12-23,43739.54296875,107.59423065185547
2023-12-24,43016.1171875,112.48521423339844
2023-12-25,43613.140625,121.1464614868164
2023-12-26,42520.40234375,112.6767349243164
2023-12-27,43442.85546875,107.02379608154297
2023-12-28,42627.85546875,102.10456848144531
2023-12-29,42099.40234375,106.31151580810547
2023-12-30,42156.90234375,101.84508514404297
2023-12-31,42265.1875,101.50582122802734
2024-01-01,44167.33203125,109.50868225097656
2024-01-02,44957.96875,106.61122131347656
2024-01-03,42848.17578125,98.59443664550781
2024-01-04,44179.921875,105.0775375366211
2024-01-05,44162.69140625,99.97879028320312
2024-01-06,43989.1953125,93.85771942138672
2024-01-07,43943.09765625,89.2763442993164
2024-01-08,46970.50390625,97.79044342041016
2024-01-09,46139.73046875,99.40918731689453
2024-01-10,46627.77734375,102.03302001953125
2024-01-11,46368.5859375,99.90943908691406
2024-01-12,42853.16796875,91.72090911865234
2024-01-13,42842.3828125,95.73004913330078
2024-01-14,41796.26953125,94.13314056396484
2024-01-15,42511.96875,94.49022674560547
2024-01-16,43154.9453125,97.62691497802734
2024-01-17,42742.65234375,102.0635986328125
2024-01-18,41262.05859375,94.2509536743164
2024-01-19,41618.40625,93.38616943359375
2024-01-20,41665.5859375,92.56983947753906
2024-01-21,41545.78515625,90.84843444824219
2024-01-22,39507.3671875,83.62281036376953
2024-01-23,39845.55078125,84.27450561523438
2024-01-24,40077.07421875,88.73200988769531
2024-01-25,39933.80859375,86.88921356201172
2024-01-26,41816.87109375,92.44236755371094
2024-01-27,42120.0546875,94.16321563720703
2024-01-28,42035.59375,95.93798065185547
2024-01-29,43288.24609375,101.56666564941406
2024-01-30,42952.609375,101.47297668457031
2024-01-31,42582.60546875,97.0287094116211
2024-02-01,43075.7734375,97.84669494628906
2024-02-02,43185.859375,100.44052124023438
2024-02-03,42992.25,97.8799819946289
2024-02-04,42583.58203125,95.47695922851562
2024-02-05,42658.66796875,95.54866027832031
2024-02-06,43084.671875,96.86107635498047
2024-02-07,44318.22265625,100.97927856445312
2024-02-08,45301.56640625,102.78563690185547
2024-02-09,47147.19921875,106.93333435058594
2024-02-10,47771.27734375,109.1314697265625
2024-02-11,48293.91796875,107.49528503417969
2024-02-12,49958.22265625,111.99275207519531
2024-02-13,49742.44140625,112.57930755615234
2024-02-14,51826.6953125,116.97632598876953
2024-02-15,51938.5546875,113.69940948486328
2024-02-16,52160.203125,110.44591522216797
2024-02-17,51662.99609375,108.98401641845703
2024-02-18,52122.546875,112.17467498779297
2024-02-19,51779.14453125,111.4853286743164
2024-02-20,52284.875,108.45964050292969
2024-02-21,51839.1796875,105.1252212524414
2024-02-22,51304.97265625,101.66979217529297
2024-02-23,50731.94921875,99.95469665527344
2024-02-24,51571.1015625,104.1335220336914
2024-02-25,51733.23828125,103.4534912109375
2024-02-26,54522.40234375,109.91853332519531
2024-02-27,57085.37109375,108.3880844116211
2024-02-28,62504.7890625,118.05220031738281
2024-02-29,61198.3828125,125.71151733398438
2024-03-01,62440.6328125,129.9904022216797
2024-03-02,62029.84765625,129.70018005371094
2024-03-03,63167.37109375,130.45086669921875
2024-03-04,68330.4140625,133.194580078125
2024-03-05,63801.19921875,125.70671081542969
2024-03-06,66106.8046875,130.7420196533203
2024-03-07,66925.484375,143.9778594970703
2024-03-08,68300.09375,145.2400360107422
2024-03-09,68498.8828125,144.6072540283203
2024-03-10,69019.7890625,144.5151824951172
2024-03-11,72123.90625,148.75096130371094
2024-03-12,71481.2890625,151.01544189453125
2024-03-13,73083.5,163.83981323242188
2024-03-14,71396.59375,176.67974853515625
2024-03-15,69403.7734375,182.96469116210938
2024-03-16,65315.1171875,181.88034057617188
2024-03-17,68390.625,202.12356567382812
2024-03-18,67548.59375,195.9927520751953
2024-03-19,61912.7734375,170.0162811279297
2024-03-20,67913.671875,191.54962158203125
2024-03-21,65491.390625,179.2207489013672
2024-03-22,63778.76171875,174.36370849609375
2024-03-23,64062.203125,172.90225219726562
2024-03-24,67234.171875,183.57345581054688
2024-03-25,69958.8125,189.0835418701172
2024-03-26,69987.8359375,190.69985961914062
2024-03-27,69455.34375,186.36146545410156
2024-03-28,70744.953125,189.6216278076172
2024-03-29,69892.828125,192.2279510498047
2024-03-30,69645.3046875,194.3855438232422
2024-03-31,71333.6484375,202.87413024902344
2024-04-01,69702.1484375,192.5678253173828
2024-04-02,65446.97265625,181.17225646972656
2024-04-03,65980.8125,185.2486114501953
2024-04-04,68508.84375,183.95811462402344
2024-04-05,67837.640625,174.5015106201172
2024-04-06,68896.109375,178.91534423828125
2024-04-07,69362.5546875,179.6498565673828
2024-04-08,71631.359375,180.78477478027344
2024-04-09,69139.015625,172.4136199951172
2024-04-10,70587.8828125,173.43736267089844
2024-04-11,70060.609375,172.5763702392578
2024-04-12,67195.8671875,153.63546752929688
2024-04-13,63821.47265625,139.34169006347656
2024-04-14,65738.7265625,151.28494262695312
2024-04-15,63426.2109375,138.5086212158203
2024-04-16,63811.86328125,136.27932739257812
2024-04-17,61276.69140625,131.86618041992188
2024-04-18,63512.75390625,142.0823974609375
2024-04-19,63843.5703125,142.6804962158203
2024-04-20,64994.44140625,151.13356018066406
2024-04-21,64926.64453125,148.60931396484375
2024-04-22,66837.6796875,157.03121948242188
2024-04-23,66407.2734375,154.70130920410156
2024-04-24,64276.8984375,147.74514770507812
2024-04-25,64481.70703125,144.89212036132812
2024-04-26,63755.3203125,139.10433959960938
2024-04-27,63419.140625,141.28916931152344
2024-04-28,63113.23046875,137.85641479492188
2024-04-29,63841.12109375,137.7766571044922
2024-04-30,60636.85546875,126.96270751953125
2024-05-01,58254.01171875,134.6279754638672
2024-05-02,59123.43359375,137.81448364257812
2024-05-03,62889.8359375,143.77255249023438
2024-05-04,63891.47265625,146.1350555419922
2024-05-05,64031.1328125,145.71302795410156
2024-05-06,63161.94921875,152.80239868164062
2024-05-07,62334.81640625,148.1343231201172
2024-05-08,61187.94140625,142.29473876953125
2024-05-09,63049.9609375,152.84994506835938
2024-05-10,60792.77734375,146.21690368652344
2024-05-11,60793.7109375,145.3143768310547
2024-05-12,61448.39453125,143.52081298828125
2024-05-13,62901.44921875,147.28233337402344
2024-05-14,61552.7890625,142.0303955078125
2024-05-15,66267.4921875,158.18682861328125
2024-05-16,65231.58203125,159.116455078125
2024-05-17,67051.875,169.53054809570312
2024-05-18,66940.8046875,172.5391387939453
2024-05-19,66278.3671875,170.0913543701172
2024-05-20,71448.1953125,186.52049255371094
2024-05-21,70136.53125,178.11614990234375
2024-05-22,69122.3359375,176.86077880859375
2024-05-23,67929.5625,175.98577880859375
2024-05-24,68526.1015625,167.7969207763672
2024-05-25,69265.9453125,168.43763732910156
2024-05-26,68518.09375,163.3509063720703
2024-05-27,69394.5546875,169.9961395263672
2024-05-28,68296.21875,168.65084838867188
2024-05-29,67578.09375,168.0726776123047
2024-05-30,68364.9921875,166.97653198242188
2024-05-31,67491.4140625,165.63771057128906
2024-06-01,67706.9375,166.03067016601562
2024-06-02,67751.6015625,163.24990844726562
2024-06-03,68804.78125,164.9234619140625
2024-06-04,70567.765625,171.8019256591797
2024-06-05,71082.8203125,173.48291015625
2024-06-06,70757.1640625,170.01622009277344
2024-06-07,69342.5859375,162.50704956054688
2024-06-08,69305.7734375,157.96890258789062
2024-06-09,69647.9921875,162.08360290527344
2024-06-10,69512.28125,158.9280242919922
2024-06-11,67332.03125,149.42898559570312
2024-06-12,68241.1875,155.1775665283203
2024-06-13,66756.3984375,147.31442260742188
2024-06-14,66011.09375,143.0944366455078
2024-06-15,66191.0,145.41221618652344
2024-06-16,66639.046875,151.12550354003906
2024-06-17,66490.296875,143.3342742919922
2024-06-18,65140.74609375,137.50399780273438
2024-06-19,64960.296875,135.60960388183594
2024-06-20,64828.65625,133.47296142578125
2024-06-21,64096.19921875,134.5883026123047
2024-06-22,64252.578125,133.6702423095703
2024-06-23,63180.796875,128.59042358398438
2024-06-24,60277.4140625,132.24139404296875
2024-06-25,61804.640625,136.5592041015625
2024-06-26,60811.27734375,136.60914611816406
2024-06-27,61604.80078125,149.44837951660156
2024-06-28,60320.13671875,139.70339965820312
2024-06-29,60887.37890625,140.01014709472656
2024-06-30,62678.29296875,146.49249267578125
2024-07-01,62851.98046875,146.59506225585938
2024-07-02,62029.015625,153.7004852294922
2024-07-03,60173.921875,140.73141479492188
2024-07-04,56977.703125,127.55081939697266
2024-07-05,56662.375,134.3693389892578
2024-07-06,58303.5390625,143.24118041992188
2024-07-07,55849.109375,131.7740936279297
2024-07-08,56705.09765625,139.4636993408203
2024-07-09,58009.2265625,141.34844970703125
2024-07-10,57742.49609375,141.97479248046875
2024-07-11,57344.9140625,135.8832244873047
2024-07-12,57899.46484375,139.52801513671875
2024-07-13,59231.953125,141.9249725341797
2024-07-14,60787.79296875,147.622314453125
2024-07-15,64870.15234375,159.93397521972656
2024-07-16,65097.1484375,160.5518798828125
2024-07-17,64118.79296875,155.5841064453125
2024-07-18,63974.06640625,159.07241821289062
2024-07-19,66710.15625,169.1858673095703
2024-07-20,67163.6484375,173.89178466796875
2024-07-21,68154.5234375,184.54161071777344
2024-07-22,67585.25,178.97828674316406
2024-07-23,65927.671875,172.757568359375
2024-07-24,65372.1328125,178.0323028564453
2024-07-25,65777.2265625,171.96307373046875
2024-07-26,67912.0625,183.13671875
2024-07-27,67813.3359375,184.0854034423828
2024-07-28,68255.8671875,184.88607788085938
2024-07-29,66819.9140625,182.7805938720703
2024-07-30,66201.015625,179.10719299316406
2024-07-31,64619.25,171.82615661621094
2024-08-01,65357.5,167.672119140625
2024-08-02,61415.06640625,152.6382293701172
2024-08-03,60680.09375,142.9219970703125
2024-08-04,58116.9765625,138.05508422851562
2024-08-05,53991.45703125,129.8643035888672
2024-08-06,56034.31640625,144.09036254882812
2024-08-07,55027.4609375,144.63209533691406
2024-08-08,61710.13671875,162.9307403564453
2024-08-09,60880.11328125,156.45721435546875
2024-08-10,60945.8125,153.95916748046875
2024-08-11,58719.484375,141.52685546875
2024-08-12,59354.515625,146.45423889160156
2024-08-13,60609.56640625,146.7126922607422
2024-08-14,58737.26953125,143.9234619140625
2024-08-15,57560.09765625,142.74581909179688
2024-08-16,58894.10546875,139.33056640625
2024-08-17,59478.97265625,141.7985076904297
2024-08-18,58483.96484375,142.58688354492188
2024-08-19,59493.453125,144.34368896484375
2024-08-20,59012.79296875,143.16773986816406
2024-08-21,61175.19140625,142.70960998535156
2024-08-22,60381.9140625,143.2579345703125
2024-08-23,64094.35546875,153.10708618164062
2024-08-24,64178.9921875,160.73175048828125
2024-08-25,64333.54296875,158.90911865234375
2024-08-26,62880.66015625,157.23687744140625
2024-08-27,59504.1328125,146.8970947265625
2024-08-28,59027.625,143.89138793945312
2024-08-29,59388.1796875,140.0540313720703
2024-08-30,59119.4765625,138.09999084472656
2024-08-31,58969.8984375,135.37425231933594
2024-09-01,57325.48828125,128.6905517578125
2024-09-02,59112.48046875,135.0023651123047
2024-09-03,57431.0234375,127.57758331298828
2024-09-04,57971.5390625,133.60391235351562
2024-09-05,56160.48828125,129.32894897460938
2024-09-06,53948.75390625,124.99007415771484
2024-09-07,54139.6875,127.72156524658203
2024-09-08,54841.56640625,129.98951721191406
2024-09-09,57019.53515625,135.02561950683594
2024-09-10,57648.7109375,135.63522338867188
2024-09-11,57343.171875,132.4973907470703
2024-09-12,58127.01171875,136.14190673828125
2024-09-13,60571.30078125,139.1005401611328
2024-09-14,60005.12109375,137.17977905273438
2024-09-15,59182.8359375,131.4993896484375
2024-09-16,58192.5078125,131.47259521484375
2024-09-17,60308.5390625,131.53707885742188
2024-09-18,61649.6796875,133.99185180664062
2024-09-19,62940.45703125,142.83627319335938
2024-09-20,63192.9765625,146.56680297851562
2024-09-21,63394.83984375,149.52703857421875
2024-09-22,63648.7109375,144.80364990234375
2024-09-23,63329.80078125,144.8149871826172
2024-09-24,64301.96875,152.89215087890625
2024-09-25,63143.14453125,148.02342224121094
2024-09-26,65181.01953125,155.5760955810547
2024-09-27,65790.6640625,157.74993896484375
2024-09-28,65887.6484375,156.9124298095703
2024-09-29,65635.3046875,158.62916564941406
2024-09-30,63329.5,152.61846923828125
2024-10-01,60837.0078125,145.28988647460938
2024-10-02,60632.78515625,140.38555908203125
2024-10-03,60759.40234375,136.78518676757812
2024-10-04,62067.4765625,143.17227172851562
2024-10-05,62089.94921875,142.7117462158203
2024-10-06,62818.953125,146.44236755371094
2024-10-07,62236.66015625,143.99179077148438
2024-10-08,62131.96875,143.39442443847656
2024-10-09,60582.1015625,139.31553649902344
2024-10-10,60274.5,138.88841247558594
2024-10-11,62445.08984375,145.3811492919922
2024-10-12,63193.0234375,146.5002899169922
2024-10-13,62851.375,147.5724334716797
2024-10-14,66046.125,157.44512939453125
2024-10-15,67041.109375,154.7206268310547
2024-10-16,67612.71875,154.23422241210938
2024-10-17,67399.8359375,150.31602478027344
2024-10-18,68418.7890625,154.97593688964844
2024-10-19,68362.734375,159.6393585205078
2024-10-20,69001.703125,166.9398193359375
2024-10-21,67367.8515625,166.2168731689453
2024-10-22,67361.40625,167.26014709472656
2024-10-23,66432.1953125,170.9324951171875
2024-10-24,68161.0546875,177.1569366455078
2024-10-25,66642.4140625,164.75689697265625
2024-10-26,67014.6953125,170.70596313476562
2024-10-27,67929.296875,176.5491943359375
2024-10-28,69907.7578125,178.1049041748047
2024-10-29,72720.4921875,179.36074829101562
2024-10-30,72339.5390625,174.9249725341797
2024-10-31,70215.1875,168.42999267578125
2024-11-01,69482.46875,166.2621307373047
2024-11-02,69289.2734375,166.01034545898438
2024-11-03,68741.1171875,162.55130004882812
2024-11-04,67811.5078125,157.74710083007812
2024-11-05,69359.5625,166.72239685058594
2024-11-06,75639.078125,186.9547882080078
2024-11-07,75904.859375,196.3345947265625
2024-11-08,76545.4765625,199.9390106201172
2024-11-09,76778.8671875,200.19491577148438
2024-11-10,80474.1875,210.6137237548828
2024-11-11,88701.484375,222.6416778564453
2024-11-12,87955.8125,212.2318115234375
2024-11-13,90584.1640625,215.18455505371094
2024-11-14,87250.4296875,209.2190704345703
2024-11-15,91066.0078125,218.09490966796875
2024-11-16,90558.4765625,215.8488311767578
2024-11-17,89845.8515625,237.57553100585938
2024-11-18,90542.640625,239.79425048828125
2024-11-19,92343.7890625,238.09754943847656
2024-11-20,94339.4921875,235.4236602783203
2024-11-21,98504.7265625,257.0658874511719
2024-11-22,98997.6640625,256.5186767578125
2024-11-23,97777.28125,255.1785125732422
2024-11-24,98013.8203125,252.91952514648438
2024-11-25,93102.296875,234.4466094970703
2024-11-26,91985.3203125,230.9781951904297
2024-11-27,95962.53125,242.30221557617188
2024-11-28,95652.46875,237.76400756835938
2024-11-29,97461.5234375,243.54949951171875
2024-11-30,96449.0546875,237.74374389648438
2024-12-01,97279.7890625,237.06993103027344
2024-12-02,95865.3046875,225.75619506835938
2024-12-03,96002.1640625,234.2003173828125
2024-12-04,98768.53125,229.11929321289062
2024-12-05,96593.5703125,233.9987030029297
2024-12-06,99920.7109375,237.0510711669922
2024-12-07,99923.3359375,238.54795837402344
2024-12-08,101236.015625,236.67233276367188
2024-12-09,97432.71875,217.34146118164062
2024-12-10,96675.4296875,213.82461547851562
2024-12-11,101173.03125,227.44683837890625
2024-12-12,100043.0,227.02671813964844
2024-12-13,101459.2578125,224.83729553222656
2024-12-14,101372.96875,219.84075927734375
2024-12-15,104298.6953125,223.6576690673828
2024-12-16,106029.71875,216.3349609375
2024-12-17,106140.6015625,222.8167266845703
2024-12-18,100041.5390625,206.38174438476562
2024-12-19,97490.953125,194.28451538085938
2024-12-20,97755.9296875,194.2081756591797
2024-12-21,97224.7265625,181.30145263671875
2024-12-22,95104.9375,180.16891479492188
2024-12-23,94686.2421875,189.75369262695312
2024-12-24,98676.09375,196.98902893066406
2024-12-25,99299.1953125,197.4790802001953
2024-12-26,95795.515625,188.21810913085938
2024-12-27,94164.859375,183.82847595214844
2024-12-28,95163.9296875,195.01353454589844
2024-12-29,93530.2265625,189.7442626953125
2024-12-30,92643.2109375,191.02804565429688
